oos_year,ticker,ours_branch_id,sheet_branch_id,status
2024,AAXJ,21d RSI AAXJ LT38 - L AAXJ,21d RSI AAXJ LT38 - L AAXJ,exact_both
2024,ARKW,19d RSI ARKW LT39 - L ARKW,19d RSI ARKW LT39 - L ARKW,exact_both
2024,BAB,21d RSI BAB LT38 - L BAB,21d RSI BAB LT38 - L BAB,exact_both
2024,BAR,20d RSI BAR LT46 - L BAR,20d RSI BAR LT46 - L BAR,exact_both
2024,BLV,4d RSI BLV LT14 - L BLV,4d RSI BLV LT14 - L BLV,exact_both
2024,BND,3d RSI BND LT10 - L BND,3d RSI BND LT10 - L BND,exact_both
2024,BNO,3d RSI BNO LT11 - L BNO,3d RSI BNO LT11 - L BNO,exact_both
2024,BOND,4d RSI BOND LT13 - L BOND,4d RSI BOND LT13 - L BOND,exact_both
2024,BWX,16d RSI BWX LT32 - L BWX,16d RSI BWX LT32 - L BWX,exact_both
2024,BWZ,12d RSI BWZ LT29 - L BWZ,12d RSI BWZ LT29 - L BWZ,exact_both
2024,CALF,20d RSI CALF LT41 - L CALF,20d RSI CALF LT41 - L CALF,exact_both
2024,COPX,20d RSI COPX LT36 - L COPX,20d RSI COPX LT36 - L COPX,exact_both
2024,CORN,19d RSI CORN LT30 - L CORN,19d RSI CORN LT30 - L CORN,exact_both
2024,COWZ,10d RSI COWZ LT32 - L COWZ,10d RSI COWZ LT32 - L COWZ,exact_both
2024,CQQQ,11d RSI CQQQ LT28 - L CQQQ,11d RSI CQQQ LT28 - L CQQQ,exact_both
2024,CWB,7d RSI CWB LT19 - L CWB,7d RSI CWB LT19 - L CWB,exact_both
2024,DBC,11d RSI DBC LT29 - L DBC,11d RSI DBC LT29 - L DBC,exact_both
2024,DDM,6d RSI DDM LT20 - L DDM,6d RSI DDM LT20 - L DDM,exact_both
2024,DEM,19d RSI DEM LT40 - L DEM,19d RSI DEM LT40 - L DEM,exact_both
2024,DGRO,4d RSI DGRO LT13 - L DGRO,4d RSI DGRO LT13 - L DGRO,exact_both
2024,DIA,6d RSI DIA LT21 - L DIA,6d RSI DIA LT21 - L DIA,exact_both
2024,DIV,18d RSI DIV LT32 - L DIV,18d RSI DIV LT32 - L DIV,exact_both
2024,DOG,21d RSI DOG LT45 - L DOG,21d RSI DOG LT45 - L DOG,exact_both
2024,DON,19d RSI DON LT36 - L DON,19d RSI DON LT36 - L DON,exact_both
2024,DRIP,21d RSI DRIP LT34 - L DRIP,21d RSI DRIP LT34 - L DRIP,exact_both
2024,DRN,7d RSI DRN LT18 - L DRN,7d RSI DRN LT18 - L DRN,exact_both
2024,DSI,17d RSI DSI LT36 - L DSI,17d RSI DSI LT36 - L DSI,exact_both
2024,DUST,21d RSI DUST LT35 - L DUST,21d RSI DUST LT35 - L DUST,exact_both
2024,ECH,5d RSI ECH LT15 - L ECH,5d RSI ECH LT15 - L ECH,exact_both
2024,EDC,14d RSI EDC LT33 - L EDC,14d RSI EDC LT33 - L EDC,exact_both
2024,EDIV,3d RSI EDIV LT17 - L EDIV,3d RSI EDIV LT17 - L EDIV,exact_both
2024,EDV,3d RSI EDV LT10 - L EDV,3d RSI EDV LT10 - L EDV,exact_both
2024,EDZ,4d RSI EDZ LT13 - L EDZ,4d RSI EDZ LT13 - L EDZ,exact_both
2024,EEMA,17d RSI EEMA LT36 - L EEMA,17d RSI EEMA LT36 - L EEMA,exact_both
2024,EFAV,14d RSI EFAV LT31 - L EFAV,14d RSI EFAV LT31 - L EFAV,exact_both
2024,EIDO,10d RSI EIDO LT22 - L EIDO,10d RSI EIDO LT22 - L EIDO,exact_both
2024,EIS,4d RSI EIS LT12 - L EIS,4d RSI EIS LT12 - L EIS,exact_both
2024,EMB,4d RSI EMB LT10 - L EMB,4d RSI EMB LT10 - L EMB,exact_both
2024,EMXC,13d RSI EMXC LT31 - L EMXC,13d RSI EMXC LT31 - L EMXC,exact_both
2024,EPI,3d RSI EPI LT14 - L EPI,3d RSI EPI LT14 - L EPI,exact_both
2024,EPOL,10d RSI EPOL LT26 - L EPOL,10d RSI EPOL LT26 - L EPOL,exact_both
2024,EPP,20d RSI EPP LT36 - L EPP,20d RSI EPP LT36 - L EPP,exact_both
2024,ERX,20d RSI ERX LT37 - L ERX,20d RSI ERX LT37 - L ERX,exact_both
2024,EWL,16d RSI EWL LT33 - L EWL,16d RSI EWL LT33 - L EWL,exact_both
2024,EWS,21d RSI EWS LT39 - L EWS,21d RSI EWS LT39 - L EWS,exact_both
2024,EWT,19d RSI EWT LT40 - L EWT,19d RSI EWT LT40 - L EWT,exact_both
2024,FAZ,8d RSI FAZ LT18 - L FAZ,8d RSI FAZ LT18 - L FAZ,exact_both
2024,FBND,3d RSI FBND LT10 - L FBND,3d RSI FBND LT10 - L FBND,exact_both
2024,FCG,11d RSI FCG LT31 - L FCG,11d RSI FCG LT31 - L FCG,exact_both
2024,FCOM,7d RSI FCOM LT25 - L FCOM,7d RSI FCOM LT25 - L FCOM,exact_both
2024,FDT,6d RSI FDT LT21 - L FDT,6d RSI FDT LT21 - L FDT,exact_both
2024,FEZ,6d RSI FEZ LT24 - L FEZ,6d RSI FEZ LT24 - L FEZ,exact_both
2024,FGD,11d RSI FGD LT25 - L FGD,11d RSI FGD LT25 - L FGD,exact_both
2024,FLBR,10d RSI FLBR LT29 - L FLBR,10d RSI FLBR LT29 - L FLBR,exact_both
2024,FLCH,11d RSI FLCH LT31 - L FLCH,11d RSI FLCH LT31 - L FLCH,exact_both
2024,FLCO,4d RSI FLCO LT13 - L FLCO,4d RSI FLCO LT13 - L FLCO,exact_both
2024,FLGB,11d RSI FLGB LT30 - L FLGB,11d RSI FLGB LT30 - L FLGB,exact_both
2024,FLKR,20d RSI FLKR LT34 - L FLKR,20d RSI FLKR LT34 - L FLKR,exact_both
2024,FLQM,15d RSI FLQM LT34 - L FLQM,15d RSI FLQM LT34 - L FLQM,exact_both
2024,FLTW,20d RSI FLTW LT40 - L FLTW,20d RSI FLTW LT40 - L FLTW,exact_both
2024,FNCL,12d RSI FNCL LT33 - L FNCL,12d RSI FNCL LT33 - L FNCL,exact_both
2024,FNDC,18d RSI FNDC LT39 - L FNDC,18d RSI FNDC LT39 - L FNDC,exact_both
2024,FNDE,16d RSI FNDE LT36 - L FNDE,16d RSI FNDE LT36 - L FNDE,exact_both
2024,FREL,20d RSI FREL LT33 - L FREL,20d RSI FREL LT33 - L FREL,exact_both
2024,FTCS,4d RSI FTCS LT15 - L FTCS,4d RSI FTCS LT15 - L FTCS,exact_both
2024,FTQI,15d RSI FTQI LT37 - L FTQI,15d RSI FTQI LT37 - L FTQI,exact_both
2024,FTSL,17d RSI FTSL LT52 - L FTSL,17d RSI FTSL LT52 - L FTSL,exact_both
2024,FTXR,10d RSI FTXR LT27 - L FTXR,10d RSI FTXR LT27 - L FTXR,exact_both
2024,FV,17d RSI FV LT34 - L FV,17d RSI FV LT34 - L FV,exact_both
2024,FXE,8d RSI FXE LT26 - L FXE,8d RSI FXE LT26 - L FXE,exact_both
2024,FXF,18d RSI FXF LT43 - L FXF,18d RSI FXF LT43 - L FXF,exact_both
2024,FXN,4d RSI FXN LT17 - L FXN,4d RSI FXN LT17 - L FXN,exact_both
2024,FXO,21d RSI FXO LT42 - L FXO,21d RSI FXO LT42 - L FXO,exact_both
2024,GDX,12d RSI GDX LT28 - L GDX,12d RSI GDX LT28 - L GDX,exact_both
2024,GEM,19d RSI GEM LT37 - L GEM,19d RSI GEM LT37 - L GEM,exact_both
2024,GIGB,4d RSI GIGB LT12 - L GIGB,4d RSI GIGB LT12 - L GIGB,exact_both
2024,GLD,21d RSI GLD LT46 - L GLD,21d RSI GLD LT46 - L GLD,exact_both
2024,GLL,5d RSI GLL LT17 - L GLL,5d RSI GLL LT17 - L GLL,exact_both
2024,GOVT,3d RSI GOVT LT10 - L GOVT,3d RSI GOVT LT10 - L GOVT,exact_both
2024,GSG,3d RSI GSG LT12 - L GSG,3d RSI GSG LT12 - L GSG,exact_both
2024,GTO,5d RSI GTO LT17 - L GTO,5d RSI GTO LT17 - L GTO,exact_both
2024,HDEF,21d RSI HDEF LT40 - L HDEF,21d RSI HDEF LT40 - L HDEF,exact_both
2024,HDV,20d RSI HDV LT37 - L HDV,20d RSI HDV LT37 - L HDV,exact_both
2024,HEFA,3d RSI HEFA LT10 - L HEFA,3d RSI HEFA LT10 - L HEFA,exact_both
2024,HFXI,15d RSI HFXI LT34 - L HFXI,15d RSI HFXI LT34 - L HFXI,exact_both
2024,HYG,18d RSI HYG LT38 - L HYG,18d RSI HYG LT38 - L HYG,exact_both
2024,HYLS,3d RSI HYLS LT10 - L HYLS,3d RSI HYLS LT10 - L HYLS,exact_both
2024,IAU,20d RSI IAU LT46 - L IAU,20d RSI IAU LT46 - L IAU,exact_both
2024,IBB,4d RSI IBB LT11 - L IBB,4d RSI IBB LT11 - L IBB,exact_both
2024,ICF,21d RSI ICF LT34 - L ICF,21d RSI ICF LT34 - L ICF,exact_both
2024,IDEV,13d RSI IDEV LT34 - L IDEV,13d RSI IDEV LT34 - L IDEV,exact_both
2024,IDMO,4d RSI IDMO LT14 - L IDMO,4d RSI IDMO LT14 - L IDMO,exact_both
2024,IDU,16d RSI IDU LT30 - L IDU,16d RSI IDU LT30 - L IDU,exact_both
2024,IDV,14d RSI IDV LT30 - L IDV,14d RSI IDV LT30 - L IDV,exact_both
2024,IEF,3d RSI IEF LT10 - L IEF,3d RSI IEF LT10 - L IEF,exact_both
2024,IEZ,21d RSI IEZ LT38 - L IEZ,21d RSI IEZ LT38 - L IEZ,exact_both
2024,IGE,5d RSI IGE LT17 - L IGE,5d RSI IGE LT17 - L IGE,exact_both
2024,IGEB,3d RSI IGEB LT10 - L IGEB,3d RSI IGEB LT10 - L IGEB,exact_both
2024,IGIB,4d RSI IGIB LT13 - L IGIB,4d RSI IGIB LT13 - L IGIB,exact_both
2024,IGLB,11d RSI IGLB LT29 - L IGLB,11d RSI IGLB LT29 - L IGLB,exact_both
2024,IGM,7d RSI IGM LT28 - L IGM,7d RSI IGM LT28 - L IGM,exact_both
2024,IHI,7d RSI IHI LT15 - L IHI,7d RSI IHI LT15 - L IHI,exact_both
2024,IJH,17d RSI IJH LT33 - L IJH,17d RSI IJH LT33 - L IJH,exact_both
2024,IJK,18d RSI IJK LT35 - L IJK,18d RSI IJK LT35 - L IJK,exact_both
2024,IJT,17d RSI IJT LT34 - L IJT,17d RSI IJT LT34 - L IJT,exact_both
2024,INDY,5d RSI INDY LT20 - L INDY,5d RSI INDY LT20 - L INDY,exact_both
2024,IOO,13d RSI IOO LT35 - L IOO,13d RSI IOO LT35 - L IOO,exact_both
2024,IPAC,21d RSI IPAC LT37 - L IPAC,21d RSI IPAC LT37 - L IPAC,exact_both
2024,IQLT,12d RSI IQLT LT31 - L IQLT,12d RSI IQLT LT31 - L IQLT,exact_both
2024,ISTB,11d RSI ISTB LT33 - L ISTB,11d RSI ISTB LT33 - L ISTB,exact_both
2024,ITA,4d RSI ITA LT13 - L ITA,4d RSI ITA LT13 - L ITA,exact_both
2024,ITB,3d RSI ITB LT10 - L ITB,3d RSI ITB LT10 - L ITB,exact_both
2024,ITOT,5d RSI ITOT LT19 - L ITOT,5d RSI ITOT LT19 - L ITOT,exact_both
2024,IVW,21d RSI IVW LT40 - L IVW,21d RSI IVW LT40 - L IVW,exact_both
2024,IWB,4d RSI IWB LT15 - L IWB,4d RSI IWB LT15 - L IWB,exact_both
2024,IWD,6d RSI IWD LT18 - L IWD,6d RSI IWD LT18 - L IWD,exact_both
2024,IWN,20d RSI IWN LT38 - L IWN,20d RSI IWN LT38 - L IWN,exact_both
2024,IWR,10d RSI IWR LT24 - L IWR,10d RSI IWR LT24 - L IWR,exact_both
2024,IWS,20d RSI IWS LT33 - L IWS,20d RSI IWS LT33 - L IWS,exact_both
2024,IXC,6d RSI IXC LT27 - L IXC,6d RSI IXC LT27 - L IXC,exact_both
2024,IXN,6d RSI IXN LT22 - L IXN,6d RSI IXN LT22 - L IXN,exact_both
2024,IYC,20d RSI IYC LT36 - L IYC,20d RSI IYC LT36 - L IYC,exact_both
2024,IYE,7d RSI IYE LT23 - L IYE,7d RSI IYE LT23 - L IYE,exact_both
2024,IYH,12d RSI IYH LT27 - L IYH,12d RSI IYH LT27 - L IYH,exact_both
2024,IYM,19d RSI IYM LT35 - L IYM,19d RSI IYM LT35 - L IYM,exact_both
2024,IYR,20d RSI IYR LT33 - L IYR,20d RSI IYR LT33 - L IYR,exact_both
2024,JPIB,20d RSI JPIB LT38 - L JPIB,20d RSI JPIB LT38 - L JPIB,exact_both
2024,KBA,16d RSI KBA LT31 - L KBA,16d RSI KBA LT31 - L KBA,exact_both
2024,KBWD,12d RSI KBWD LT24 - L KBWD,12d RSI KBWD LT24 - L KBWD,exact_both
2024,KIE,12d RSI KIE LT35 - L KIE,12d RSI KIE LT35 - L KIE,exact_both
2024,KOLD,6d RSI KOLD LT21 - L KOLD,6d RSI KOLD LT21 - L KOLD,exact_both
2024,KORU,19d RSI KORU LT33 - L KORU,19d RSI KORU LT33 - L KORU,exact_both
2024,KSA,11d RSI KSA LT27 - L KSA,11d RSI KSA LT27 - L KSA,exact_both
2024,LABD,9d RSI LABD LT24 - L LABD,9d RSI LABD LT24 - L LABD,exact_both
2024,LIT,17d RSI LIT LT29 - L LIT,17d RSI LIT LT29 - L LIT,exact_both
2024,LMBS,10d RSI LMBS LT30 - L LMBS,10d RSI LMBS LT30 - L LMBS,exact_both
2024,LQD,4d RSI LQD LT13 - L LQD,4d RSI LQD LT13 - L LQD,exact_both
2024,LRGF,9d RSI LRGF LT27 - L LRGF,9d RSI LRGF LT27 - L LRGF,exact_both
2024,MBB,4d RSI MBB LT14 - L MBB,4d RSI MBB LT14 - L MBB,exact_both
2024,MDY,17d RSI MDY LT33 - L MDY,17d RSI MDY LT33 - L MDY,exact_both
2024,MGC,21d RSI MGC LT40 - L MGC,21d RSI MGC LT40 - L MGC,exact_both
2024,MGV,4d RSI MGV LT14 - L MGV,4d RSI MGV LT14 - L MGV,exact_both
2024,MLPA,12d RSI MLPA LT36 - L MLPA,12d RSI MLPA LT36 - L MLPA,exact_both
2024,MOO,19d RSI MOO LT28 - L MOO,19d RSI MOO LT28 - L MOO,exact_both
2024,MTUM,13d RSI MTUM LT32 - L MTUM,13d RSI MTUM LT32 - L MTUM,exact_both
2024,NAIL,7d RSI NAIL LT23 - L NAIL,7d RSI NAIL LT23 - L NAIL,exact_both
2024,NLR,3d RSI NLR LT15 - L NLR,3d RSI NLR LT15 - L NLR,exact_both
2024,NOBL,13d RSI NOBL LT27 - L NOBL,13d RSI NOBL LT27 - L NOBL,exact_both
2024,NUGT,17d RSI NUGT LT32 - L NUGT,17d RSI NUGT LT32 - L NUGT,exact_both
2024,NULG,11d RSI NULG LT32 - L NULG,11d RSI NULG LT32 - L NULG,exact_both
2024,NULV,19d RSI NULV LT32 - L NULV,19d RSI NULV LT32 - L NULV,exact_both
2024,OEF,19d RSI OEF LT39 - L OEF,19d RSI OEF LT39 - L OEF,exact_both
2024,OIH,21d RSI OIH LT38 - L OIH,21d RSI OIH LT38 - L OIH,exact_both
2024,OILK,20d RSI OILK LT40 - L OILK,20d RSI OILK LT40 - L OILK,exact_both
2024,ONEQ,3d RSI ONEQ LT13 - L ONEQ,3d RSI ONEQ LT13 - L ONEQ,exact_both
2024,OUNZ,3d RSI OUNZ LT13 - L OUNZ,3d RSI OUNZ LT13 - L OUNZ,exact_both
2024,PBUS,19d RSI PBUS LT38 - L PBUS,19d RSI PBUS LT38 - L PBUS,exact_both
2024,PDBC,12d RSI PDBC LT31 - L PDBC,12d RSI PDBC LT31 - L PDBC,exact_both
2024,PFFD,7d RSI PFFD LT18 - L PFFD,7d RSI PFFD LT18 - L PFFD,exact_both
2024,PICB,15d RSI PICB LT34 - L PICB,15d RSI PICB LT34 - L PICB,exact_both
2024,PPA,5d RSI PPA LT18 - L PPA,5d RSI PPA LT18 - L PPA,exact_both
2024,PPH,10d RSI PPH LT23 - L PPH,10d RSI PPH LT23 - L PPH,exact_both
2024,PPLT,4d RSI PPLT LT10 - L PPLT,4d RSI PPLT LT10 - L PPLT,exact_both
2024,PRF,11d RSI PRF LT29 - L PRF,11d RSI PRF LT29 - L PRF,exact_both
2024,PSC,12d RSI PSC LT31 - L PSC,12d RSI PSC LT31 - L PSC,exact_both
2024,PSQ,4d RSI PSQ LT10 - L PSQ,4d RSI PSQ LT10 - L PSQ,exact_both
2024,PXH,19d RSI PXH LT40 - L PXH,19d RSI PXH LT40 - L PXH,exact_both
2024,QAI,7d RSI QAI LT25 - L QAI,7d RSI QAI LT25 - L QAI,exact_both
2024,QID,6d RSI QID LT15 - L QID,6d RSI QID LT15 - L QID,exact_both
2024,QLD,5d RSI QLD LT19 - L QLD,5d RSI QLD LT19 - L QLD,exact_both
2024,QQQ,7d RSI QQQ LT29 - L QQQ,7d RSI QQQ LT29 - L QQQ,exact_both
2024,QQQE,5d RSI QQQE LT17 - L QQQE,5d RSI QQQE LT17 - L QQQE,exact_both
2024,QTEC,18d RSI QTEC LT40 - L QTEC,18d RSI QTEC LT40 - L QTEC,exact_both
2024,REM,5d RSI REM LT12 - L REM,5d RSI REM LT12 - L REM,exact_both
2024,REMX,7d RSI REMX LT16 - L REMX,7d RSI REMX LT16 - L REMX,exact_both
2024,RETL,18d RSI RETL LT35 - L RETL,18d RSI RETL LT35 - L RETL,exact_both
2024,RING,18d RSI RING LT33 - L RING,18d RSI RING LT33 - L RING,exact_both
2024,RLY,4d RSI RLY LT12 - L RLY,4d RSI RLY LT12 - L RLY,exact_both
2024,RSP,21d RSI RSP LT34 - L RSP,21d RSI RSP LT34 - L RSP,exact_both
2024,RWR,19d RSI RWR LT32 - L RWR,19d RSI RWR LT32 - L RWR,exact_both
2024,SCHB,4d RSI SCHB LT15 - L SCHB,4d RSI SCHB LT15 - L SCHB,exact_both
2024,SCHD,6d RSI SCHD LT18 - L SCHD,6d RSI SCHD LT18 - L SCHD,exact_both
2024,SCHE,13d RSI SCHE LT33 - L SCHE,13d RSI SCHE LT33 - L SCHE,exact_both
2024,SCHH,11d RSI SCHH LT26 - L SCHH,11d RSI SCHH LT26 - L SCHH,exact_both
2024,SCHR,10d RSI SCHR LT28 - L SCHR,10d RSI SCHR LT28 - L SCHR,exact_both
2024,SCHV,4d RSI SCHV LT14 - L SCHV,4d RSI SCHV LT14 - L SCHV,exact_both
2024,SCHZ,4d RSI SCHZ LT14 - L SCHZ,4d RSI SCHZ LT14 - L SCHZ,exact_both
2024,SCO,14d RSI SCO LT29 - L SCO,14d RSI SCO LT29 - L SCO,exact_both
2024,SCZ,5d RSI SCZ LT13 - L SCZ,5d RSI SCZ LT13 - L SCZ,exact_both
2024,SDIV,21d RSI SDIV LT36 - L SDIV,21d RSI SDIV LT36 - L SDIV,exact_both
2024,SDVY,14d RSI SDVY LT36 - L SDVY,14d RSI SDVY LT36 - L SDVY,exact_both
2024,SGOL,21d RSI SGOL LT46 - L SGOL,21d RSI SGOL LT46 - L SGOL,exact_both
2024,SH,13d RSI SH LT28 - L SH,13d RSI SH LT28 - L SH,exact_both
2024,SKYY,18d RSI SKYY LT40 - L SKYY,18d RSI SKYY LT40 - L SKYY,exact_both
2024,SOXL,10d RSI SOXL LT28 - L SOXL,10d RSI SOXL LT28 - L SOXL,exact_both
2024,SPAB,3d RSI SPAB LT13 - L SPAB,3d RSI SPAB LT13 - L SPAB,exact_both
2024,SPEM,13d RSI SPEM LT33 - L SPEM,13d RSI SPEM LT33 - L SPEM,exact_both
2024,SPHD,17d RSI SPHD LT31 - L SPHD,17d RSI SPHD LT31 - L SPHD,exact_both
2024,SPHQ,4d RSI SPHQ LT15 - L SPHQ,4d RSI SPHQ LT15 - L SPHQ,exact_both
2024,SPLB,7d RSI SPLB LT23 - L SPLB,7d RSI SPLB LT23 - L SPLB,exact_both
2024,SPLV,12d RSI SPLV LT26 - L SPLV,12d RSI SPLV LT26 - L SPLV,exact_both
2024,SPMD,17d RSI SPMD LT33 - L SPMD,17d RSI SPMD LT33 - L SPMD,exact_both
2024,SPYD,21d RSI SPYD LT32 - L SPYD,21d RSI SPYD LT32 - L SPYD,exact_both
2024,SPYG,21d RSI SPYG LT40 - L SPYG,21d RSI SPYG LT40 - L SPYG,exact_both
2024,SPYX,5d RSI SPYX LT19 - L SPYX,5d RSI SPYX LT19 - L SPYX,exact_both
2024,SQQQ,6d RSI SQQQ LT15 - L SQQQ,6d RSI SQQQ LT15 - L SQQQ,exact_both
2024,SRLN,21d RSI SRLN LT48 - L SRLN,21d RSI SRLN LT48 - L SRLN,exact_both
2024,STIP,19d RSI STIP LT43 - L STIP,19d RSI STIP LT43 - L STIP,exact_both
2024,SUSB,10d RSI SUSB LT31 - L SUSB,10d RSI SUSB LT31 - L SUSB,exact_both
2024,SVXY,19d RSI SVXY LT40 - L SVXY,19d RSI SVXY LT40 - L SVXY,exact_both
2024,TECL,10d RSI TECL LT29 - L TECL,10d RSI TECL LT29 - L TECL,exact_both
2024,TECS,6d RSI TECS LT15 - L TECS,6d RSI TECS LT15 - L TECS,exact_both
2024,TFLO,4d RSI TFLO LT63 - L TFLO,4d RSI TFLO LT63 - L TFLO,exact_both
2024,THD,6d RSI THD LT12 - L THD,6d RSI THD LT12 - L THD,exact_both
2024,TLT,3d RSI TLT LT10 - L TLT,3d RSI TLT LT10 - L TLT,exact_both
2024,TMF,3d RSI TMF LT10 - L TMF,3d RSI TMF LT10 - L TMF,exact_both
2024,TOTL,4d RSI TOTL LT10 - L TOTL,4d RSI TOTL LT10 - L TOTL,exact_both
2024,UGL,21d RSI UGL LT42 - L UGL,21d RSI UGL LT42 - L UGL,exact_both
2024,UITB,5d RSI UITB LT15 - L UITB,5d RSI UITB LT15 - L UITB,exact_both
2024,URTH,9d RSI URTH LT27 - L URTH,9d RSI URTH LT27 - L URTH,exact_both
2024,USIG,4d RSI USIG LT13 - L USIG,4d RSI USIG LT13 - L USIG,exact_both
2024,USRT,11d RSI USRT LT26 - L USRT,11d RSI USRT LT26 - L USRT,exact_both
2024,UUP,17d RSI UUP LT36 - L UUP,17d RSI UUP LT36 - L UUP,exact_both
2024,VBK,11d RSI VBK LT28 - L VBK,11d RSI VBK LT28 - L VBK,exact_both
2024,VBR,19d RSI VBR LT35 - L VBR,19d RSI VBR LT35 - L VBR,exact_both
2024,VCLT,5d RSI VCLT LT17 - L VCLT,5d RSI VCLT LT17 - L VCLT,exact_both
2024,VCSH,16d RSI VCSH LT38 - L VCSH,16d RSI VCSH LT38 - L VCSH,exact_both
2024,VDE,15d RSI VDE LT38 - L VDE,15d RSI VDE LT38 - L VDE,exact_both
2024,VEA,14d RSI VEA LT32 - L VEA,14d RSI VEA LT32 - L VEA,exact_both
2024,VGIT,20d RSI VGIT LT38 - L VGIT,20d RSI VGIT LT38 - L VGIT,exact_both
2024,VGK,13d RSI VGK LT33 - L VGK,13d RSI VGK LT33 - L VGK,exact_both
2024,VIG,5d RSI VIG LT17 - L VIG,5d RSI VIG LT17 - L VIG,exact_both
2024,VLUE,5d RSI VLUE LT12 - L VLUE,5d RSI VLUE LT12 - L VLUE,exact_both
2024,VNLA,3d RSI VNLA LT69 - L VNLA,3d RSI VNLA LT69 - L VNLA,exact_both
2024,VNQ,14d RSI VNQ LT29 - L VNQ,14d RSI VNQ LT29 - L VNQ,exact_both
2024,VNQI,20d RSI VNQI LT34 - L VNQI,20d RSI VNQI LT34 - L VNQI,exact_both
2024,VOE,6d RSI VOE LT12 - L VOE,6d RSI VOE LT12 - L VOE,exact_both
2024,VOOG,21d RSI VOOG LT40 - L VOOG,21d RSI VOOG LT40 - L VOOG,exact_both
2024,VOT,4d RSI VOT LT11 - L VOT,4d RSI VOT LT11 - L VOT,exact_both
2024,VOX,6d RSI VOX LT23 - L VOX,6d RSI VOX LT23 - L VOX,exact_both
2024,VPL,21d RSI VPL LT36 - L VPL,21d RSI VPL LT36 - L VPL,exact_both
2024,VPU,17d RSI VPU LT34 - L VPU,17d RSI VPU LT34 - L VPU,exact_both
2024,VWOB,6d RSI VWOB LT16 - L VWOB,6d RSI VWOB LT16 - L VWOB,exact_both
2024,VYM,15d RSI VYM LT31 - L VYM,15d RSI VYM LT31 - L VYM,exact_both
2024,WEAT,17d RSI WEAT LT32 - L WEAT,17d RSI WEAT LT32 - L WEAT,exact_both
2024,WTPI,19d RSI WTPI LT38 - L WTPI,19d RSI WTPI LT38 - L WTPI,exact_both
2024,WTV,11d RSI WTV LT31 - L WTV,11d RSI WTV LT31 - L WTV,exact_both
2024,XCEM,13d RSI XCEM LT31 - L XCEM,13d RSI XCEM LT31 - L XCEM,exact_both
2024,XES,16d RSI XES LT35 - L XES,16d RSI XES LT35 - L XES,exact_both
2024,XHB,3d RSI XHB LT10 - L XHB,3d RSI XHB LT10 - L XHB,exact_both
2024,XLE,19d RSI XLE LT37 - L XLE,19d RSI XLE LT37 - L XLE,exact_both
2024,XLG,18d RSI XLG LT39 - L XLG,18d RSI XLG LT39 - L XLG,exact_both
2024,XLI,5d RSI XLI LT21 - L XLI,5d RSI XLI LT21 - L XLI,exact_both
2024,XLRE,7d RSI XLRE LT19 - L XLRE,7d RSI XLRE LT19 - L XLRE,exact_both
2024,XLV,14d RSI XLV LT30 - L XLV,14d RSI XLV LT30 - L XLV,exact_both
2024,XME,5d RSI XME LT19 - L XME,5d RSI XME LT19 - L XME,exact_both
2024,XRT,21d RSI XRT LT40 - L XRT,21d RSI XRT LT40 - L XRT,exact_both
2024,XSMO,20d RSI XSMO LT39 - L XSMO,20d RSI XSMO LT39 - L XSMO,exact_both
2024,XT,13d RSI XT LT29 - L XT,13d RSI XT LT29 - L XT,exact_both
2024,YANG,4d RSI YANG LT16 - L YANG,4d RSI YANG LT16 - L YANG,exact_both
2024,YINN,12d RSI YINN LT31 - L YINN,12d RSI YINN LT31 - L YINN,exact_both
2024,YYY,16d RSI YYY LT29 - L YYY,16d RSI YYY LT29 - L YYY,exact_both
2024,ZSL,16d RSI ZSL LT30 - L ZSL,16d RSI ZSL LT30 - L ZSL,exact_both
2024,AAAU,21d RSI AAAU LT46 - L AAAU,,ours_only
2024,AADR,21d RSI AADR LT40 - L AADR,,ours_only
2024,ABFL,11d RSI ABFL LT31 - L ABFL,,ours_only
2024,ABLG,18d RSI ABLG LT38 - L ABLG,,ours_only
2024,ACES,7d RSI ACES LT11 - L ACES,,ours_only
2024,ADME,5d RSI ADME LT15 - L ADME,,ours_only
2024,AFIF,21d RSI AFIF LT47 - L AFIF,,ours_only
2024,AFK,17d RSI AFK LT33 - L AFK,,ours_only
2024,AGGY,4d RSI AGGY LT12 - L AGGY,,ours_only
2024,AGNG,20d RSI AGNG LT33 - L AGNG,,ours_only
2024,AGQ,17d RSI AGQ LT34 - L AGQ,,ours_only
2024,AGZ,9d RSI AGZ LT30 - L AGZ,,ours_only
2024,AGZD,18d RSI AGZD LT43 - L AGZD,,ours_only
2024,AIQ,5d RSI AIQ LT18 - L AIQ,,ours_only
2024,AIVL,6d RSI AIVL LT14 - L AIVL,,ours_only
2024,AMZA,4d RSI AMZA LT18 - L AMZA,,ours_only
2024,AOK,21d RSI AOK LT36 - L AOK,,ours_only
2024,ARGT,18d RSI ARGT LT35 - L ARGT,,ours_only
2024,ARKG,17d RSI ARKG LT25 - L ARKG,,ours_only
2024,ARKQ,6d RSI ARKQ LT17 - L ARKQ,,ours_only
2024,ARTY,19d RSI ARTY LT37 - L ARTY,,ours_only
2024,ASEA,4d RSI ASEA LT14 - L ASEA,,ours_only
2024,ASHS,18d RSI ASHS LT33 - L ASHS,,ours_only
2024,ATMP,13d RSI ATMP LT36 - L ATMP,,ours_only
2024,AUSF,11d RSI AUSF LT29 - L AUSF,,ours_only
2024,BATT,12d RSI BATT LT26 - L BATT,,ours_only
2024,BBAG,3d RSI BBAG LT10 - L BBAG,,ours_only
2024,BBAX,20d RSI BBAX LT37 - L BBAX,,ours_only
2024,BBCA,5d RSI BBCA LT14 - L BBCA,,ours_only
2024,BBEU,11d RSI BBEU LT31 - L BBEU,,ours_only
2024,BBH,7d RSI BBH LT21 - L BBH,,ours_only
2024,BBJP,13d RSI BBJP LT32 - L BBJP,,ours_only
2024,BBRE,18d RSI BBRE LT33 - L BBRE,,ours_only
2024,BCD,18d RSI BCD LT35 - L BCD,,ours_only
2024,BDRY,4d RSI BDRY LT10 - L BDRY,,ours_only
2024,BFOR,17d RSI BFOR LT35 - L BFOR,,ours_only
2024,BGRN,9d RSI BGRN LT28 - L BGRN,,ours_only
2024,BIB,8d RSI BIB LT22 - L BIB,,ours_only
2024,BIBL,10d RSI BIBL LT25 - L BIBL,,ours_only
2024,BIS,3d RSI BIS LT12 - L BIS,,ours_only
2024,BJUL,8d RSI BJUL LT25 - L BJUL,,ours_only
2024,BKF,20d RSI BKF LT40 - L BKF,,ours_only
2024,BLCN,17d RSI BLCN LT30 - L BLCN,,ours_only
2024,BLES,12d RSI BLES LT29 - L BLES,,ours_only
2024,BLOK,16d RSI BLOK LT31 - L BLOK,,ours_only
2024,BNDC,3d RSI BNDC LT14 - L BNDC,,ours_only
2024,BNDW,4d RSI BNDW LT13 - L BNDW,,ours_only
2024,BOCT,3d RSI BOCT LT10 - L BOCT,,ours_only
2024,BOTZ,10d RSI BOTZ LT22 - L BOTZ,,ours_only
2024,BRZU,10d RSI BRZU LT29 - L BRZU,,ours_only
2024,BSCP,10d RSI BSCP LT32 - L BSCP,,ours_only
2024,BSCQ,4d RSI BSCQ LT17 - L BSCQ,,ours_only
2024,BSCS,18d RSI BSCS LT41 - L BSCS,,ours_only
2024,BSJP,4d RSI BSJP LT19 - L BSJP,,ours_only
2024,BSJQ,7d RSI BSJQ LT28 - L BSJQ,,ours_only
2024,BTAL,19d RSI BTAL LT28 - L BTAL,,ours_only
2024,BUFF,16d RSI BUFF LT37 - L BUFF,,ours_only
2024,BYLD,5d RSI BYLD LT17 - L BYLD,,ours_only
2024,CATH,10d RSI CATH LT27 - L CATH,,ours_only
2024,CCOR,11d RSI CCOR LT29 - L CCOR,,ours_only
2024,CDC,20d RSI CDC LT34 - L CDC,,ours_only
2024,CDL,17d RSI CDL LT37 - L CDL,,ours_only
2024,CEF,5d RSI CEF LT11 - L CEF,,ours_only
2024,CEFS,17d RSI CEFS LT33 - L CEFS,,ours_only
2024,CEMB,4d RSI CEMB LT10 - L CEMB,,ours_only
2024,CFA,16d RSI CFA LT30 - L CFA,,ours_only
2024,CFO,15d RSI CFO LT31 - L CFO,,ours_only
2024,CGW,14d RSI CGW LT28 - L CGW,,ours_only
2024,CHGX,19d RSI CHGX LT35 - L CHGX,,ours_only
2024,CHIQ,19d RSI CHIQ LT41 - L CHIQ,,ours_only
2024,CMBS,17d RSI CMBS LT36 - L CMBS,,ours_only
2024,CMDY,19d RSI CMDY LT37 - L CMDY,,ours_only
2024,CNRG,20d RSI CNRG LT30 - L CNRG,,ours_only
2024,CNXT,16d RSI CNXT LT32 - L CNXT,,ours_only
2024,CNYA,18d RSI CNYA LT34 - L CNYA,,ours_only
2024,COM,6d RSI COM LT12 - L COM,,ours_only
2024,COMB,11d RSI COMB LT29 - L COMB,,ours_only
2024,CORP,4d RSI CORP LT13 - L CORP,,ours_only
2024,CPAI,3d RSI CPAI LT62 - L CPAI,,ours_only
2024,CRAK,16d RSI CRAK LT37 - L CRAK,,ours_only
2024,CRBN,9d RSI CRBN LT26 - L CRBN,,ours_only
2024,CSB,19d RSI CSB LT35 - L CSB,,ours_only
2024,CSM,10d RSI CSM LT27 - L CSM,,ours_only
2024,CURE,14d RSI CURE LT28 - L CURE,,ours_only
2024,CWS,4d RSI CWS LT11 - L CWS,,ours_only
2024,CZA,20d RSI CZA LT32 - L CZA,,ours_only
2024,DAX,11d RSI DAX LT31 - L DAX,,ours_only
2024,DBAW,13d RSI DBAW LT32 - L DBAW,,ours_only
2024,DBE,16d RSI DBE LT33 - L DBE,,ours_only
2024,DBEM,13d RSI DBEM LT35 - L DBEM,,ours_only
2024,DBEU,12d RSI DBEU LT33 - L DBEU,,ours_only
2024,DBEZ,11d RSI DBEZ LT32 - L DBEZ,,ours_only
2024,DBJP,7d RSI DBJP LT31 - L DBJP,,ours_only
2024,DBP,10d RSI DBP LT26 - L DBP,,ours_only
2024,DDIV,18d RSI DDIV LT35 - L DDIV,,ours_only
2024,DDLS,11d RSI DDLS LT29 - L DDLS,,ours_only
2024,DEUS,21d RSI DEUS LT36 - L DEUS,,ours_only
2024,DEW,4d RSI DEW LT10 - L DEW,,ours_only
2024,DFE,9d RSI DFE LT23 - L DFE,,ours_only
2024,DFJ,19d RSI DFJ LT41 - L DFJ,,ours_only
2024,DFNL,21d RSI DFNL LT42 - L DFNL,,ours_only
2024,DGP,16d RSI DGP LT38 - L DGP,,ours_only
2024,DGRE,19d RSI DGRE LT39 - L DGRE,,ours_only
2024,DGRS,18d RSI DGRS LT36 - L DGRS,,ours_only
2024,DGT,3d RSI DGT LT10 - L DGT,,ours_only
2024,DHS,20d RSI DHS LT35 - L DHS,,ours_only
2024,DIAL,4d RSI DIAL LT11 - L DIAL,,ours_only
2024,DIG,17d RSI DIG LT35 - L DIG,,ours_only
2024,DIM,10d RSI DIM LT28 - L DIM,,ours_only
2024,DINT,7d RSI DINT LT22 - L DINT,,ours_only
2024,DJD,20d RSI DJD LT35 - L DJD,,ours_only
2024,DJP,4d RSI DJP LT13 - L DJP,,ours_only
2024,DLS,10d RSI DLS LT25 - L DLS,,ours_only
2024,DNL,10d RSI DNL LT27 - L DNL,,ours_only
2024,DOL,7d RSI DOL LT25 - L DOL,,ours_only
2024,DRIV,10d RSI DRIV LT25 - L DRIV,,ours_only
2024,DRSK,10d RSI DRSK LT21 - L DRSK,,ours_only
2024,DSTL,4d RSI DSTL LT15 - L DSTL,,ours_only
2024,DTD,4d RSI DTD LT13 - L DTD,,ours_only
2024,DTEC,11d RSI DTEC LT24 - L DTEC,,ours_only
2024,DTH,14d RSI DTH LT34 - L DTH,,ours_only
2024,DUG,12d RSI DUG LT30 - L DUG,,ours_only
2024,DUSA,19d RSI DUSA LT37 - L DUSA,,ours_only
2024,DUSL,5d RSI DUSL LT17 - L DUSL,,ours_only
2024,DVOL,19d RSI DVOL LT38 - L DVOL,,ours_only
2024,DWAS,11d RSI DWAS LT27 - L DWAS,,ours_only
2024,DWLD,17d RSI DWLD LT35 - L DWLD,,ours_only
2024,DWM,3d RSI DWM LT10 - L DWM,,ours_only
2024,DWSH,7d RSI DWSH LT17 - L DWSH,,ours_only
2024,DWX,19d RSI DWX LT37 - L DWX,,ours_only
2024,EAGG,3d RSI EAGG LT10 - L EAGG,,ours_only
2024,EBIZ,15d RSI EBIZ LT35 - L EBIZ,,ours_only
2024,ECNS,5d RSI ECNS LT12 - L ECNS,,ours_only
2024,ECON,19d RSI ECON LT38 - L ECON,,ours_only
2024,EDEN,4d RSI EDEN LT13 - L EDEN,,ours_only
2024,EDOW,18d RSI EDOW LT35 - L EDOW,,ours_only
2024,EELV,5d RSI EELV LT14 - L EELV,,ours_only
2024,EEMS,4d RSI EEMS LT13 - L EEMS,,ours_only
2024,EEMX,12d RSI EEMX LT32 - L EEMX,,ours_only
2024,EES,21d RSI EES LT37 - L EES,,ours_only
2024,EET,17d RSI EET LT35 - L EET,,ours_only
2024,EEV,10d RSI EEV LT26 - L EEV,,ours_only
2024,EFAX,14d RSI EFAX LT32 - L EFAX,,ours_only
2024,EFNL,15d RSI EFNL LT30 - L EFNL,,ours_only
2024,EFO,15d RSI EFO LT33 - L EFO,,ours_only
2024,EFZ,21d RSI EFZ LT33 - L EFZ,,ours_only
2024,EINC,9d RSI EINC LT31 - L EINC,,ours_only
2024,EIRL,7d RSI EIRL LT27 - L EIRL,,ours_only
2024,ELD,4d RSI ELD LT17 - L ELD,,ours_only
2024,EMCB,15d RSI EMCB LT36 - L EMCB,,ours_only
2024,EMLP,18d RSI EMLP LT37 - L EMLP,,ours_only
2024,EMQQ,16d RSI EMQQ LT37 - L EMQQ,,ours_only
2024,EMTL,11d RSI EMTL LT26 - L EMTL,,ours_only
2024,ENFR,4d RSI ENFR LT14 - L ENFR,,ours_only
2024,ENOR,4d RSI ENOR LT13 - L ENOR,,ours_only
2024,ENZL,19d RSI ENZL LT34 - L ENZL,,ours_only
2024,EPRF,10d RSI EPRF LT24 - L EPRF,,ours_only
2024,EPS,10d RSI EPS LT29 - L EPS,,ours_only
2024,EPU,7d RSI EPU LT20 - L EPU,,ours_only
2024,EPV,19d RSI EPV LT31 - L EPV,,ours_only
2024,EQAL,7d RSI EQAL LT17 - L EQAL,,ours_only
2024,EQIN,7d RSI EQIN LT24 - L EQIN,,ours_only
2024,EQL,5d RSI EQL LT13 - L EQL,,ours_only
2024,ERTH,11d RSI ERTH LT26 - L ERTH,,ours_only
2024,ESG,4d RSI ESG LT15 - L ESG,,ours_only
2024,ESGE,13d RSI ESGE LT32 - L ESGE,,ours_only
2024,ESGV,4d RSI ESGV LT14 - L ESGV,,ours_only
2024,ESML,18d RSI ESML LT33 - L ESML,,ours_only
2024,ESPO,4d RSI ESPO LT17 - L ESPO,,ours_only
2024,EUDG,20d RSI EUDG LT37 - L EUDG,,ours_only
2024,EUM,4d RSI EUM LT12 - L EUM,,ours_only
2024,EUO,5d RSI EUO LT16 - L EUO,,ours_only
2024,EURL,13d RSI EURL LT32 - L EURL,,ours_only
2024,EUSA,10d RSI EUSA LT23 - L EUSA,,ours_only
2024,EVX,13d RSI EVX LT35 - L EVX,,ours_only
2024,EWK,10d RSI EWK LT27 - L EWK,,ours_only
2024,EWM,17d RSI EWM LT27 - L EWM,,ours_only
2024,EWN,10d RSI EWN LT27 - L EWN,,ours_only
2024,EWO,4d RSI EWO LT14 - L EWO,,ours_only
2024,EWV,16d RSI EWV LT32 - L EWV,,ours_only
2024,EWX,4d RSI EWX LT14 - L EWX,,ours_only
2024,EXI,10d RSI EXI LT26 - L EXI,,ours_only
2024,EYLD,20d RSI EYLD LT41 - L EYLD,,ours_only
2024,EZA,16d RSI EZA LT34 - L EZA,,ours_only
2024,EZM,21d RSI EZM LT36 - L EZM,,ours_only
2024,FAAR,20d RSI FAAR LT35 - L FAAR,,ours_only
2024,FAD,11d RSI FAD LT28 - L FAD,,ours_only
2024,FAN,11d RSI FAN LT37 - L FAN,,ours_only
2024,FCAL,11d RSI FCAL LT23 - L FCAL,,ours_only
2024,FCEF,12d RSI FCEF LT25 - L FCEF,,ours_only
2024,FCOR,5d RSI FCOR LT17 - L FCOR,,ours_only
2024,FCVT,15d RSI FCVT LT27 - L FCVT,,ours_only
2024,FDHY,10d RSI FDHY LT29 - L FDHY,,ours_only
2024,FDIV,5d RSI FDIV LT15 - L FDIV,,ours_only
2024,FDLO,10d RSI FDLO LT29 - L FDLO,,ours_only
2024,FDM,21d RSI FDM LT35 - L FDM,,ours_only
2024,FDMO,7d RSI FDMO LT30 - L FDMO,,ours_only
2024,FDNI,18d RSI FDNI LT37 - L FDNI,,ours_only
2024,FDRR,10d RSI FDRR LT27 - L FDRR,,ours_only
2024,FEM,12d RSI FEM LT31 - L FEM,,ours_only
2024,FEMS,7d RSI FEMS LT24 - L FEMS,,ours_only
2024,FEP,5d RSI FEP LT17 - L FEP,,ours_only
2024,FEX,13d RSI FEX LT31 - L FEX,,ours_only
2024,FIBR,7d RSI FIBR LT29 - L FIBR,,ours_only
2024,FID,12d RSI FID LT29 - L FID,,ours_only
2024,FIDI,11d RSI FIDI LT29 - L FIDI,,ours_only
2024,FILL,13d RSI FILL LT38 - L FILL,,ours_only
2024,FINX,14d RSI FINX LT26 - L FINX,,ours_only
2024,FITE,8d RSI FITE LT25 - L FITE,,ours_only
2024,FIVA,14d RSI FIVA LT33 - L FIVA,,ours_only
2024,FIW,5d RSI FIW LT15 - L FIW,,ours_only
2024,FJP,17d RSI FJP LT40 - L FJP,,ours_only
2024,FKU,12d RSI FKU LT31 - L FKU,,ours_only
2024,FLBL,15d RSI FLBL LT42 - L FLBL,,ours_only
2024,FLCA,21d RSI FLCA LT39 - L FLCA,,ours_only
2024,FLDR,19d RSI FLDR LT54 - L FLDR,,ours_only
2024,FLEE,5d RSI FLEE LT19 - L FLEE,,ours_only
2024,FLEU,19d RSI FLEU LT35 - L FLEU,,ours_only
2024,FLHY,3d RSI FLHY LT10 - L FLHY,,ours_only
2024,FLIA,11d RSI FLIA LT35 - L FLIA,,ours_only
2024,FLIN,4d RSI FLIN LT15 - L FLIN,,ours_only
2024,FLJH,9d RSI FLJH LT36 - L FLJH,,ours_only
2024,FLLA,7d RSI FLLA LT31 - L FLLA,,ours_only
2024,FLMB,12d RSI FLMB LT24 - L FLMB,,ours_only
2024,FLMI,6d RSI FLMI LT11 - L FLMI,,ours_only
2024,FLMX,4d RSI FLMX LT21 - L FLMX,,ours_only
2024,FLQL,3d RSI FLQL LT19 - L FLQL,,ours_only
2024,FLQS,19d RSI FLQS LT36 - L FLQS,,ours_only
2024,FLRT,20d RSI FLRT LT55 - L FLRT,,ours_only
2024,FLSW,13d RSI FLSW LT31 - L FLSW,,ours_only
2024,FLTB,5d RSI FLTB LT21 - L FLTB,,ours_only
2024,FMAT,21d RSI FMAT LT36 - L FMAT,,ours_only
2024,FMF,11d RSI FMF LT29 - L FMF,,ours_only
2024,FNGD,5d RSI FNGD LT12 - L FNGD,,ours_only
2024,FNGO,6d RSI FNGO LT23 - L FNGO,,ours_only
2024,FNK,19d RSI FNK LT36 - L FNK,,ours_only
2024,FNX,17d RSI FNX LT33 - L FNX,,ours_only
2024,FNY,12d RSI FNY LT30 - L FNY,,ours_only
2024,FPX,4d RSI FPX LT11 - L FPX,,ours_only
2024,FPXI,19d RSI FPXI LT38 - L FPXI,,ours_only
2024,FQAL,15d RSI FQAL LT35 - L FQAL,,ours_only
2024,FRI,4d RSI FRI LT11 - L FRI,,ours_only
2024,FSMB,10d RSI FSMB LT19 - L FSMB,,ours_only
2024,FTA,5d RSI FTA LT12 - L FTA,,ours_only
2024,FTC,16d RSI FTC LT34 - L FTC,,ours_only
2024,FTRI,4d RSI FTRI LT11 - L FTRI,,ours_only
2024,FTSD,15d RSI FTSD LT44 - L FTSD,,ours_only
2024,FTXG,3d RSI FTXG LT25 - L FTXG,,ours_only
2024,FTXH,10d RSI FTXH LT21 - L FTXH,,ours_only
2024,FTXN,10d RSI FTXN LT30 - L FTXN,,ours_only
2024,FUMB,20d RSI FUMB LT51 - L FUMB,,ours_only
2024,FVAL,9d RSI FVAL LT27 - L FVAL,,ours_only
2024,FVC,14d RSI FVC LT29 - L FVC,,ours_only
2024,FXA,5d RSI FXA LT17 - L FXA,,ours_only
2024,FXB,6d RSI FXB LT21 - L FXB,,ours_only
2024,FXC,13d RSI FXC LT29 - L FXC,,ours_only
2024,FXD,17d RSI FXD LT31 - L FXD,,ours_only
2024,FXG,11d RSI FXG LT25 - L FXG,,ours_only
2024,FXH,5d RSI FXH LT16 - L FXH,,ours_only
2024,FXL,5d RSI FXL LT18 - L FXL,,ours_only
2024,FXZ,18d RSI FXZ LT37 - L FXZ,,ours_only
2024,FYC,21d RSI FYC LT34 - L FYC,,ours_only
2024,FYLD,6d RSI FYLD LT20 - L FYLD,,ours_only
2024,FYT,21d RSI FYT LT41 - L FYT,,ours_only
2024,FYX,21d RSI FYX LT38 - L FYX,,ours_only
2024,GAL,10d RSI GAL LT28 - L GAL,,ours_only
2024,GBF,11d RSI GBF LT30 - L GBF,,ours_only
2024,GBTC,8d RSI GBTC LT33 - L GBTC,,ours_only
2024,GCC,20d RSI GCC LT38 - L GCC,,ours_only
2024,GDMA,4d RSI GDMA LT13 - L GDMA,,ours_only
2024,GDXJ,10d RSI GDXJ LT24 - L GDXJ,,ours_only
2024,GGME,14d RSI GGME LT34 - L GGME,,ours_only
2024,GHYB,11d RSI GHYB LT34 - L GHYB,,ours_only
2024,GHYG,15d RSI GHYG LT36 - L GHYG,,ours_only
2024,GII,19d RSI GII LT36 - L GII,,ours_only
2024,GLDI,20d RSI GLDI LT46 - L GLDI,,ours_only
2024,GLDM,20d RSI GLDM LT46 - L GLDM,,ours_only
2024,GLIN,3d RSI GLIN LT11 - L GLIN,,ours_only
2024,GLOF,10d RSI GLOF LT27 - L GLOF,,ours_only
2024,GLTR,4d RSI GLTR LT10 - L GLTR,,ours_only
2024,GMF,12d RSI GMF LT33 - L GMF,,ours_only
2024,GNMA,13d RSI GNMA LT31 - L GNMA,,ours_only
2024,GOAU,18d RSI GOAU LT33 - L GOAU,,ours_only
2024,GOEX,20d RSI GOEX LT41 - L GOEX,,ours_only
2024,GQRE,19d RSI GQRE LT33 - L GQRE,,ours_only
2024,GRID,16d RSI GRID LT27 - L GRID,,ours_only
2024,GRNB,3d RSI GRNB LT10 - L GRNB,,ours_only
2024,GRPM,15d RSI GRPM LT35 - L GRPM,,ours_only
2024,GSEW,10d RSI GSEW LT24 - L GSEW,,ours_only
2024,GSSC,18d RSI GSSC LT34 - L GSSC,,ours_only
2024,GTIP,3d RSI GTIP LT11 - L GTIP,,ours_only
2024,GVIP,10d RSI GVIP LT36 - L GVIP,,ours_only
2024,GWX,11d RSI GWX LT27 - L GWX,,ours_only
2024,GXC,8d RSI GXC LT27 - L GXC,,ours_only
2024,HAP,5d RSI HAP LT19 - L HAP,,ours_only
2024,HAUZ,17d RSI HAUZ LT32 - L HAUZ,,ours_only
2024,HAWX,14d RSI HAWX LT35 - L HAWX,,ours_only
2024,HDMV,14d RSI HDMV LT31 - L HDMV,,ours_only
2024,HEDJ,3d RSI HEDJ LT12 - L HEDJ,,ours_only
2024,HEEM,10d RSI HEEM LT28 - L HEEM,,ours_only
2024,HEZU,11d RSI HEZU LT31 - L HEZU,,ours_only
2024,HIPS,19d RSI HIPS LT38 - L HIPS,,ours_only
2024,HMOP,3d RSI HMOP LT65 - L HMOP,,ours_only
2024,HNDL,10d RSI HNDL LT21 - L HNDL,,ours_only
2024,HSCZ,4d RSI HSCZ LT13 - L HSCZ,,ours_only
2024,HTAB,5d RSI HTAB LT11 - L HTAB,,ours_only
2024,HTUS,5d RSI HTUS LT18 - L HTUS,,ours_only
2024,HUSV,19d RSI HUSV LT34 - L HUSV,,ours_only
2024,HYDW,10d RSI HYDW LT29 - L HYDW,,ours_only
2024,HYEM,10d RSI HYEM LT26 - L HYEM,,ours_only
2024,HYGH,20d RSI HYGH LT42 - L HYGH,,ours_only
2024,HYGV,17d RSI HYGV LT38 - L HYGV,,ours_only
2024,HYHG,4d RSI HYHG LT26 - L HYHG,,ours_only
2024,HYXF,21d RSI HYXF LT40 - L HYXF,,ours_only
2024,HYXU,21d RSI HYXU LT40 - L HYXU,,ours_only
2024,HYZD,20d RSI HYZD LT41 - L HYZD,,ours_only
2024,IAI,20d RSI IAI LT34 - L IAI,,ours_only
2024,IAK,21d RSI IAK LT41 - L IAK,,ours_only
2024,IBD,3d RSI IBD LT13 - L IBD,,ours_only
2024,IBDQ,5d RSI IBDQ LT25 - L IBDQ,,ours_only
2024,IBDR,18d RSI IBDR LT41 - L IBDR,,ours_only
2024,IBDS,21d RSI IBDS LT43 - L IBDS,,ours_only
2024,IBDT,11d RSI IBDT LT32 - L IBDT,,ours_only
2024,IBMN,21d RSI IBMN LT32 - L IBMN,,ours_only
2024,IBUY,15d RSI IBUY LT33 - L IBUY,,ours_only
2024,ICLN,16d RSI ICLN LT26 - L ICLN,,ours_only
2024,ICSH,17d RSI ICSH LT68 - L ICSH,,ours_only
2024,IDGT,6d RSI IDGT LT17 - L IDGT,,ours_only
2024,IDHQ,5d RSI IDHQ LT18 - L IDHQ,,ours_only
2024,IDLV,16d RSI IDLV LT33 - L IDLV,,ours_only
2024,IDOG,12d RSI IDOG LT32 - L IDOG,,ours_only
2024,IEO,6d RSI IEO LT20 - L IEO,,ours_only
2024,IETC,21d RSI IETC LT45 - L IETC,,ours_only
2024,IEUS,13d RSI IEUS LT28 - L IEUS,,ours_only
2024,IFGL,20d RSI IFGL LT34 - L IFGL,,ours_only
2024,IFRA,11d RSI IFRA LT32 - L IFRA,,ours_only
2024,IFV,4d RSI IFV LT13 - L IFV,,ours_only
2024,IG,10d RSI IG LT27 - L IG,,ours_only
2024,IGBH,4d RSI IGBH LT18 - L IGBH,,ours_only
2024,IGHG,20d RSI IGHG LT50 - L IGHG,,ours_only
2024,IGPT,4d RSI IGPT LT10 - L IGPT,,ours_only
2024,IGRO,10d RSI IGRO LT26 - L IGRO,,ours_only
2024,IHE,19d RSI IHE LT30 - L IHE,,ours_only
2024,IHY,4d RSI IHY LT13 - L IHY,,ours_only
2024,IJJ,21d RSI IJJ LT34 - L IJJ,,ours_only
2024,IJR,18d RSI IJR LT33 - L IJR,,ours_only
2024,IJS,20d RSI IJS LT36 - L IJS,,ours_only
2024,ILCB,20d RSI ILCB LT38 - L ILCB,,ours_only
2024,ILCG,10d RSI ILCG LT31 - L ILCG,,ours_only
2024,ILCV,6d RSI ILCV LT19 - L ILCV,,ours_only
2024,ILTB,5d RSI ILTB LT16 - L ILTB,,ours_only
2024,IMCB,21d RSI IMCB LT35 - L IMCB,,ours_only
2024,IMCV,7d RSI IMCV LT16 - L IMCV,,ours_only
2024,IMOM,4d RSI IMOM LT15 - L IMOM,,ours_only
2024,IMTB,6d RSI IMTB LT21 - L IMTB,,ours_only
2024,INCE,13d RSI INCE LT32 - L INCE,,ours_only
2024,INCO,3d RSI INCO LT22 - L INCO,,ours_only
2024,INDL,16d RSI INDL LT31 - L INDL,,ours_only
2024,INDS,4d RSI INDS LT12 - L INDS,,ours_only
2024,IPAY,17d RSI IPAY LT30 - L IPAY,,ours_only
2024,IPKW,16d RSI IPKW LT37 - L IPKW,,ours_only
2024,IPO,17d RSI IPO LT37 - L IPO,,ours_only
2024,IQDG,18d RSI IQDG LT35 - L IQDG,,ours_only
2024,IQDY,13d RSI IQDY LT33 - L IQDY,,ours_only
2024,ISCB,19d RSI ISCB LT33 - L ISCB,,ours_only
2024,ISCF,4d RSI ISCF LT13 - L ISCF,,ours_only
2024,ISCG,13d RSI ISCG LT28 - L ISCG,,ours_only
2024,ISCV,21d RSI ISCV LT34 - L ISCV,,ours_only
2024,ISHG,19d RSI ISHG LT35 - L ISHG,,ours_only
2024,ISMD,18d RSI ISMD LT33 - L ISMD,,ours_only
2024,ISRA,4d RSI ISRA LT12 - L ISRA,,ours_only
2024,ITEQ,11d RSI ITEQ LT25 - L ITEQ,,ours_only
2024,ITM,6d RSI ITM LT10 - L ITM,,ours_only
2024,IUS,18d RSI IUS LT37 - L IUS,,ours_only
2024,IVAL,4d RSI IVAL LT18 - L IVAL,,ours_only
2024,IVOG,17d RSI IVOG LT35 - L IVOG,,ours_only
2024,IVOO,21d RSI IVOO LT35 - L IVOO,,ours_only
2024,IVOV,20d RSI IVOV LT33 - L IVOV,,ours_only
2024,IWC,18d RSI IWC LT30 - L IWC,,ours_only
2024,IWL,19d RSI IWL LT39 - L IWL,,ours_only
2024,IWM,16d RSI IWM LT31 - L IWM,,ours_only
2024,IXG,11d RSI IXG LT27 - L IXG,,ours_only
2024,IXP,6d RSI IXP LT24 - L IXP,,ours_only
2024,IYG,17d RSI IYG LT29 - L IYG,,ours_only
2024,IYLD,20d RSI IYLD LT38 - L IYLD,,ours_only
2024,IYY,11d RSI IYY LT30 - L IYY,,ours_only
2024,IYZ,6d RSI IYZ LT18 - L IYZ,,ours_only
2024,IZRL,4d RSI IZRL LT11 - L IZRL,,ours_only
2024,JETS,17d RSI JETS LT23 - L JETS,,ours_only
2024,JHEM,20d RSI JHEM LT38 - L JHEM,,ours_only
2024,JHML,14d RSI JHML LT32 - L JHML,,ours_only
2024,JHSC,18d RSI JHSC LT34 - L JHSC,,ours_only
2024,JMBS,5d RSI JMBS LT16 - L JMBS,,ours_only
2024,JMOM,15d RSI JMOM LT35 - L JMOM,,ours_only
2024,JMST,3d RSI JMST LT13 - L JMST,,ours_only
2024,JMUB,21d RSI JMUB LT34 - L JMUB,,ours_only
2024,JNK,9d RSI JNK LT26 - L JNK,,ours_only
2024,JNUG,10d RSI JNUG LT23 - L JNUG,,ours_only
2024,JPEM,13d RSI JPEM LT32 - L JPEM,,ours_only
2024,JPIN,14d RSI JPIN LT34 - L JPIN,,ours_only
2024,JPMB,3d RSI JPMB LT10 - L JPMB,,ours_only
2024,JPME,10d RSI JPME LT23 - L JPME,,ours_only
2024,JPSE,18d RSI JPSE LT34 - L JPSE,,ours_only
2024,JPUS,9d RSI JPUS LT24 - L JPUS,,ours_only
2024,JPXN,13d RSI JPXN LT32 - L JPXN,,ours_only
2024,JSMD,16d RSI JSMD LT33 - L JSMD,,ours_only
2024,JSML,17d RSI JSML LT32 - L JSML,,ours_only
2024,JUST,6d RSI JUST LT22 - L JUST,,ours_only
2024,JVAL,19d RSI JVAL LT35 - L JVAL,,ours_only
2024,JXI,15d RSI JXI LT33 - L JXI,,ours_only
2024,KARS,12d RSI KARS LT27 - L KARS,,ours_only
2024,KBWP,20d RSI KBWP LT38 - L KBWP,,ours_only
2024,KCE,11d RSI KCE LT29 - L KCE,,ours_only
2024,KGRN,4d RSI KGRN LT10 - L KGRN,,ours_only
2024,KNG,13d RSI KNG LT27 - L KNG,,ours_only
2024,KOMP,21d RSI KOMP LT35 - L KOMP,,ours_only
2024,KORP,4d RSI KORP LT13 - L KORP,,ours_only
2024,KRMA,6d RSI KRMA LT21 - L KRMA,,ours_only
2024,KURE,10d RSI KURE LT28 - L KURE,,ours_only
2024,KXI,10d RSI KXI LT20 - L KXI,,ours_only
2024,LABU,19d RSI LABU LT29 - L LABU,,ours_only
2024,LDUR,21d RSI LDUR LT45 - L LDUR,,ours_only
2024,LEAD,5d RSI LEAD LT20 - L LEAD,,ours_only
2024,LEGR,5d RSI LEGR LT19 - L LEGR,,ours_only
2024,LGLV,14d RSI LGLV LT34 - L LGLV,,ours_only
2024,LOUP,5d RSI LOUP LT18 - L LOUP,,ours_only
2024,LQDH,5d RSI LQDH LT20 - L LQDH,,ours_only
2024,LQDI,3d RSI LQDI LT10 - L LQDI,,ours_only
2024,LRGE,10d RSI LRGE LT30 - L LRGE,,ours_only
2024,LSAF,16d RSI LSAF LT37 - L LSAF,,ours_only
2024,LTPZ,4d RSI LTPZ LT13 - L LTPZ,,ours_only
2024,LVHD,20d RSI LVHD LT38 - L LVHD,,ours_only
2024,MDIV,19d RSI MDIV LT36 - L MDIV,,ours_only
2024,MDYG,14d RSI MDYG LT32 - L MDYG,,ours_only
2024,MDYV,19d RSI MDYV LT33 - L MDYV,,ours_only
2024,MFDX,4d RSI MFDX LT16 - L MFDX,,ours_only
2024,MFUS,13d RSI MFUS LT28 - L MFUS,,ours_only
2024,MIDU,19d RSI MIDU LT34 - L MIDU,,ours_only
2024,MILN,14d RSI MILN LT35 - L MILN,,ours_only
2024,MJ,13d RSI MJ LT22 - L MJ,,ours_only
2024,MLN,7d RSI MLN LT15 - L MLN,,ours_only
2024,MMIN,6d RSI MMIN LT10 - L MMIN,,ours_only
2024,MMTM,15d RSI MMTM LT34 - L MMTM,,ours_only
2024,MNA,3d RSI MNA LT13 - L MNA,,ours_only
2024,MOAT,20d RSI MOAT LT35 - L MOAT,,ours_only
2024,MORT,20d RSI MORT LT29 - L MORT,,ours_only
2024,MOTI,17d RSI MOTI LT33 - L MOTI,,ours_only
2024,MUB,19d RSI MUB LT38 - L MUB,,ours_only
2024,MUST,6d RSI MUST LT13 - L MUST,,ours_only
2024,MVV,20d RSI MVV LT34 - L MVV,,ours_only
2024,MXI,15d RSI MXI LT33 - L MXI,,ours_only
2024,MYY,3d RSI MYY LT11 - L MYY,,ours_only
2024,NACP,4d RSI NACP LT16 - L NACP,,ours_only
2024,NANR,21d RSI NANR LT36 - L NANR,,ours_only
2024,NFLT,10d RSI NFLT LT27 - L NFLT,,ours_only
2024,NFRA,7d RSI NFRA LT17 - L NFRA,,ours_only
2024,NFTY,13d RSI NFTY LT41 - L NFTY,,ours_only
2024,NORW,5d RSI NORW LT16 - L NORW,,ours_only
2024,NTSX,13d RSI NTSX LT37 - L NTSX,,ours_only
2024,NUBD,3d RSI NUBD LT11 - L NUBD,,ours_only
2024,NUDM,11d RSI NUDM LT33 - L NUDM,,ours_only
2024,NUEM,9d RSI NUEM LT26 - L NUEM,,ours_only
2024,NUMG,8d RSI NUMG LT23 - L NUMG,,ours_only
2024,NUMV,16d RSI NUMV LT31 - L NUMV,,ours_only
2024,NURE,7d RSI NURE LT21 - L NURE,,ours_only
2024,NUSC,19d RSI NUSC LT32 - L NUSC,,ours_only
2024,NXTG,15d RSI NXTG LT33 - L NXTG,,ours_only
2024,NZAC,10d RSI NZAC LT28 - L NZAC,,ours_only
2024,OGIG,11d RSI OGIG LT35 - L OGIG,,ours_only
2024,OILD,15d RSI OILD LT32 - L OILD,,ours_only
2024,OMFL,14d RSI OMFL LT31 - L OMFL,,ours_only
2024,OMFS,20d RSI OMFS LT36 - L OMFS,,ours_only
2024,ONEV,11d RSI ONEV LT29 - L ONEV,,ours_only
2024,ONEY,11d RSI ONEY LT26 - L ONEY,,ours_only
2024,ONLN,20d RSI ONLN LT38 - L ONLN,,ours_only
2024,OPER,3d RSI OPER LT67 - L OPER,,ours_only
2024,OPPE,5d RSI OPPE LT20 - L OPPE,,ours_only
2024,OPPJ,10d RSI OPPJ LT41 - L OPPJ,,ours_only
2024,OSCV,21d RSI OSCV LT36 - L OSCV,,ours_only
2024,OUSA,16d RSI OUSA LT35 - L OUSA,,ours_only
2024,OUSM,19d RSI OUSM LT35 - L OUSM,,ours_only
2024,PAWZ,7d RSI PAWZ LT13 - L PAWZ,,ours_only
2024,PBD,16d RSI PBD LT27 - L PBD,,ours_only
2024,PBE,13d RSI PBE LT30 - L PBE,,ours_only
2024,PBJ,12d RSI PBJ LT25 - L PBJ,,ours_only
2024,PBP,10d RSI PBP LT32 - L PBP,,ours_only
2024,PBTP,16d RSI PBTP LT41 - L PBTP,,ours_only
2024,PBW,18d RSI PBW LT28 - L PBW,,ours_only
2024,PCEF,18d RSI PCEF LT26 - L PCEF,,ours_only
2024,PDN,8d RSI PDN LT24 - L PDN,,ours_only
2024,PDP,21d RSI PDP LT38 - L PDP,,ours_only
2024,PEJ,7d RSI PEJ LT16 - L PEJ,,ours_only
2024,PEXL,5d RSI PEXL LT16 - L PEXL,,ours_only
2024,PEY,20d RSI PEY LT34 - L PEY,,ours_only
2024,PEZ,14d RSI PEZ LT33 - L PEZ,,ours_only
2024,PFFA,5d RSI PFFA LT17 - L PFFA,,ours_only
2024,PFFR,21d RSI PFFR LT34 - L PFFR,,ours_only
2024,PFIG,12d RSI PFIG LT32 - L PFIG,,ours_only
2024,PFM,5d RSI PFM LT17 - L PFM,,ours_only
2024,PGHY,10d RSI PGHY LT33 - L PGHY,,ours_only
2024,PGJ,4d RSI PGJ LT11 - L PGJ,,ours_only
2024,PHB,10d RSI PHB LT30 - L PHB,,ours_only
2024,PHDG,5d RSI PHDG LT12 - L PHDG,,ours_only
2024,PHO,8d RSI PHO LT27 - L PHO,,ours_only
2024,PHYL,21d RSI PHYL LT38 - L PHYL,,ours_only
2024,PHYS,5d RSI PHYS LT12 - L PHYS,,ours_only
2024,PID,16d RSI PID LT31 - L PID,,ours_only
2024,PIE,11d RSI PIE LT35 - L PIE,,ours_only
2024,PILL,19d RSI PILL LT24 - L PILL,,ours_only
2024,PIN,12d RSI PIN LT33 - L PIN,,ours_only
2024,PIO,10d RSI PIO LT23 - L PIO,,ours_only
2024,PIZ,7d RSI PIZ LT22 - L PIZ,,ours_only
2024,PJP,3d RSI PJP LT10 - L PJP,,ours_only
2024,PJUL,19d RSI PJUL LT39 - L PJUL,,ours_only
2024,PKB,7d RSI PKB LT24 - L PKB,,ours_only
2024,PKW,4d RSI PKW LT13 - L PKW,,ours_only
2024,PLTM,21d RSI PLTM LT35 - L PLTM,,ours_only
2024,PNQI,13d RSI PNQI LT35 - L PNQI,,ours_only
2024,POCT,10d RSI POCT LT35 - L POCT,,ours_only
2024,POWA,10d RSI POWA LT26 - L POWA,,ours_only
2024,PPTY,13d RSI PPTY LT26 - L PPTY,,ours_only
2024,PREF,20d RSI PREF LT27 - L PREF,,ours_only
2024,PRFZ,15d RSI PRFZ LT31 - L PRFZ,,ours_only
2024,PRN,20d RSI PRN LT37 - L PRN,,ours_only
2024,PRNT,18d RSI PRNT LT30 - L PRNT,,ours_only
2024,PSCE,16d RSI PSCE LT35 - L PSCE,,ours_only
2024,PSCH,12d RSI PSCH LT21 - L PSCH,,ours_only
2024,PSCI,14d RSI PSCI LT35 - L PSCI,,ours_only
2024,PSCT,10d RSI PSCT LT24 - L PSCT,,ours_only
2024,PSET,10d RSI PSET LT31 - L PSET,,ours_only
2024,PSL,3d RSI PSL LT10 - L PSL,,ours_only
2024,PSP,10d RSI PSP LT26 - L PSP,,ours_only
2024,PSR,6d RSI PSR LT17 - L PSR,,ours_only
2024,PTF,10d RSI PTF LT29 - L PTF,,ours_only
2024,PTH,13d RSI PTH LT24 - L PTH,,ours_only
2024,PTMC,21d RSI PTMC LT36 - L PTMC,,ours_only
2024,PTNQ,3d RSI PTNQ LT10 - L PTNQ,,ours_only
2024,PULS,20d RSI PULS LT63 - L PULS,,ours_only
2024,PWB,10d RSI PWB LT32 - L PWB,,ours_only
2024,PWV,20d RSI PWV LT36 - L PWV,,ours_only
2024,PXE,4d RSI PXE LT16 - L PXE,,ours_only
2024,PXI,20d RSI PXI LT41 - L PXI,,ours_only
2024,PXJ,17d RSI PXJ LT36 - L PXJ,,ours_only
2024,PY,15d RSI PY LT31 - L PY,,ours_only
2024,PZT,5d RSI PZT LT10 - L PZT,,ours_only
2024,QABA,21d RSI QABA LT30 - L QABA,,ours_only
2024,QAT,5d RSI QAT LT17 - L QAT,,ours_only
2024,QCLN,11d RSI QCLN LT23 - L QCLN,,ours_only
2024,QDEF,12d RSI QDEF LT30 - L QDEF,,ours_only
2024,QDF,17d RSI QDF LT34 - L QDF,,ours_only
2024,QDIV,14d RSI QDIV LT31 - L QDIV,,ours_only
2024,QEFA,6d RSI QEFA LT20 - L QEFA,,ours_only
2024,QGRO,9d RSI QGRO LT31 - L QGRO,,ours_only
2024,QHY,10d RSI QHY LT28 - L QHY,,ours_only
2024,QINT,5d RSI QINT LT19 - L QINT,,ours_only
2024,QLC,8d RSI QLC LT25 - L QLC,,ours_only
2024,QMOM,19d RSI QMOM LT36 - L QMOM,,ours_only
2024,QQEW,10d RSI QQEW LT28 - L QQEW,,ours_only
2024,QTUM,8d RSI QTUM LT22 - L QTUM,,ours_only
2024,QUS,11d RSI QUS LT31 - L QUS,,ours_only
2024,QVAL,21d RSI QVAL LT43 - L QVAL,,ours_only
2024,QWLD,21d RSI QWLD LT38 - L QWLD,,ours_only
2024,RAAX,15d RSI RAAX LT34 - L RAAX,,ours_only
2024,RAVI,10d RSI RAVI LT59 - L RAVI,,ours_only
2024,RDIV,21d RSI RDIV LT35 - L RDIV,,ours_only
2024,RECS,10d RSI RECS LT29 - L RECS,,ours_only
2024,REGL,21d RSI REGL LT37 - L REGL,,ours_only
2024,REW,4d RSI REW LT10 - L REW,,ours_only
2024,REZ,10d RSI REZ LT27 - L REZ,,ours_only
2024,RFDI,4d RSI RFDI LT12 - L RFDI,,ours_only
2024,RFEM,21d RSI RFEM LT41 - L RFEM,,ours_only
2024,RFG,21d RSI RFG LT38 - L RFG,,ours_only
2024,RFV,20d RSI RFV LT41 - L RFV,,ours_only
2024,RIGS,3d RSI RIGS LT10 - L RIGS,,ours_only
2024,RINF,10d RSI RINF LT27 - L RINF,,ours_only
2024,ROBO,13d RSI ROBO LT23 - L ROBO,,ours_only
2024,ROBT,18d RSI ROBT LT32 - L ROBT,,ours_only
2024,RODM,7d RSI RODM LT21 - L RODM,,ours_only
2024,ROM,19d RSI ROM LT40 - L ROM,,ours_only
2024,ROUS,10d RSI ROUS LT29 - L ROUS,,ours_only
2024,RPV,19d RSI RPV LT30 - L RPV,,ours_only
2024,RSPC,7d RSI RSPC LT23 - L RSPC,,ours_only
2024,RSPD,20d RSI RSPD LT31 - L RSPD,,ours_only
2024,RSPF,15d RSI RSPF LT34 - L RSPF,,ours_only
2024,RSPH,10d RSI RSPH LT22 - L RSPH,,ours_only
2024,RSPM,21d RSI RSPM LT36 - L RSPM,,ours_only
2024,RSPR,10d RSI RSPR LT23 - L RSPR,,ours_only
2024,RSPS,12d RSI RSPS LT24 - L RSPS,,ours_only
2024,RSPU,19d RSI RSPU LT33 - L RSPU,,ours_only
2024,RTH,10d RSI RTH LT25 - L RTH,,ours_only
2024,RVNU,10d RSI RVNU LT19 - L RVNU,,ours_only
2024,RWJ,21d RSI RWJ LT38 - L RWJ,,ours_only
2024,RWK,21d RSI RWK LT39 - L RWK,,ours_only
2024,RWL,14d RSI RWL LT34 - L RWL,,ours_only
2024,RWO,6d RSI RWO LT16 - L RWO,,ours_only
2024,RWX,12d RSI RWX LT26 - L RWX,,ours_only
2024,RXI,19d RSI RXI LT33 - L RXI,,ours_only
2024,RXL,12d RSI RXL LT26 - L RXL,,ours_only
2024,RZG,21d RSI RZG LT36 - L RZG,,ours_only
2024,RZV,20d RSI RZV LT37 - L RZV,,ours_only
2024,SBIO,16d RSI SBIO LT27 - L SBIO,,ours_only
2024,SCC,19d RSI SCC LT28 - L SCC,,ours_only
2024,SCHA,16d RSI SCHA LT31 - L SCHA,,ours_only
2024,SCHM,21d RSI SCHM LT35 - L SCHM,,ours_only
2024,SCJ,10d RSI SCJ LT30 - L SCJ,,ours_only
2024,SDCI,17d RSI SDCI LT38 - L SDCI,,ours_only
2024,SDG,10d RSI SDG LT23 - L SDG,,ours_only
2024,SDOG,5d RSI SDOG LT13 - L SDOG,,ours_only
2024,SDP,3d RSI SDP LT10 - L SDP,,ours_only
2024,SEF,6d RSI SEF LT15 - L SEF,,ours_only
2024,SGDJ,17d RSI SGDJ LT33 - L SGDJ,,ours_only
2024,SGDM,16d RSI SGDM LT31 - L SGDM,,ours_only
2024,SHE,5d RSI SHE LT20 - L SHE,,ours_only
2024,SHM,10d RSI SHM LT12 - L SHM,,ours_only
2024,SHY,10d RSI SHY LT32 - L SHY,,ours_only
2024,SHYD,4d RSI SHYD LT16 - L SHYD,,ours_only
2024,SHYL,4d RSI SHYL LT16 - L SHYL,,ours_only
2024,SIL,11d RSI SIL LT26 - L SIL,,ours_only
2024,SILJ,18d RSI SILJ LT31 - L SILJ,,ours_only
2024,SIZE,12d RSI SIZE LT29 - L SIZE,,ours_only
2024,SJB,7d RSI SJB LT16 - L SJB,,ours_only
2024,SKF,8d RSI SKF LT19 - L SKF,,ours_only
2024,SKOR,5d RSI SKOR LT18 - L SKOR,,ours_only
2024,SLVP,10d RSI SLVP LT20 - L SLVP,,ours_only
2024,SLX,6d RSI SLX LT24 - L SLX,,ours_only
2024,SLYG,21d RSI SLYG LT37 - L SLYG,,ours_only
2024,SLYV,19d RSI SLYV LT35 - L SLYV,,ours_only
2024,SMB,17d RSI SMB LT38 - L SMB,,ours_only
2024,SMDD,17d RSI SMDD LT33 - L SMDD,,ours_only
2024,SMDV,8d RSI SMDV LT21 - L SMDV,,ours_only
2024,SMLF,19d RSI SMLF LT34 - L SMLF,,ours_only
2024,SMLV,19d RSI SMLV LT35 - L SMLV,,ours_only
2024,SMMD,19d RSI SMMD LT34 - L SMMD,,ours_only
2024,SMMU,10d RSI SMMU LT24 - L SMMU,,ours_only
2024,SMMV,16d RSI SMMV LT36 - L SMMV,,ours_only
2024,SMOG,13d RSI SMOG LT22 - L SMOG,,ours_only
2024,SNSR,16d RSI SNSR LT30 - L SNSR,,ours_only
2024,SOCL,12d RSI SOCL LT35 - L SOCL,,ours_only
2024,SOXS,8d RSI SOXS LT19 - L SOXS,,ours_only
2024,SPEU,13d RSI SPEU LT33 - L SPEU,,ours_only
2024,SPFF,18d RSI SPFF LT33 - L SPFF,,ours_only
2024,SPGP,17d RSI SPGP LT38 - L SPGP,,ours_only
2024,SPHB,17d RSI SPHB LT31 - L SPHB,,ours_only
2024,SPLG,4d RSI SPLG LT15 - L SPLG,,ours_only
2024,SPPP,20d RSI SPPP LT31 - L SPPP,,ours_only
2024,SPSM,19d RSI SPSM LT34 - L SPSM,,ours_only
2024,SPUU,4d RSI SPUU LT15 - L SPUU,,ours_only
2024,SPVM,19d RSI SPVM LT36 - L SPVM,,ours_only
2024,SPVU,21d RSI SPVU LT42 - L SPVU,,ours_only
2024,SPXT,9d RSI SPXT LT25 - L SPXT,,ours_only
2024,SRET,19d RSI SRET LT31 - L SRET,,ours_only
2024,SRVR,11d RSI SRVR LT27 - L SRVR,,ours_only
2024,SSG,10d RSI SSG LT20 - L SSG,,ours_only
2024,STOT,17d RSI STOT LT51 - L STOT,,ours_only
2024,STPZ,14d RSI STPZ LT38 - L STPZ,,ours_only
2024,SUB,15d RSI SUB LT29 - L SUB,,ours_only
2024,SUSA,11d RSI SUSA LT27 - L SUSA,,ours_only
2024,SWAN,6d RSI SWAN LT12 - L SWAN,,ours_only
2024,SYLD,14d RSI SYLD LT34 - L SYLD,,ours_only
2024,TAN,10d RSI TAN LT16 - L TAN,,ours_only
2024,TAXF,9d RSI TAXF LT18 - L TAXF,,ours_only
2024,TBF,6d RSI TBF LT23 - L TBF,,ours_only
2024,TBLL,19d RSI TBLL LT70 - L TBLL,,ours_only
2024,TBX,9d RSI TBX LT32 - L TBX,,ours_only
2024,TILT,15d RSI TILT LT32 - L TILT,,ours_only
2024,TIPZ,3d RSI TIPZ LT10 - L TIPZ,,ours_only
2024,TLTD,4d RSI TLTD LT13 - L TLTD,,ours_only
2024,TLTE,17d RSI TLTE LT37 - L TLTE,,ours_only
2024,TMFC,3d RSI TMFC LT13 - L TMFC,,ours_only
2024,TMFS,10d RSI TMFS LT28 - L TMFS,,ours_only
2024,TNA,16d RSI TNA LT30 - L TNA,,ours_only
2024,TOK,13d RSI TOK LT32 - L TOK,,ours_only
2024,TOLZ,7d RSI TOLZ LT17 - L TOLZ,,ours_only
2024,TPOR,4d RSI TPOR LT11 - L TPOR,,ours_only
2024,TPYP,6d RSI TPYP LT24 - L TPYP,,ours_only
2024,TPZ,10d RSI TPZ LT26 - L TPZ,,ours_only
2024,TRUE,6d RSI TRUE LT18 - L TRUE,,ours_only
2024,TTT,10d RSI TTT LT27 - L TTT,,ours_only
2024,TYD,4d RSI TYD LT12 - L TYD,,ours_only
2024,TYO,8d RSI TYO LT28 - L TYO,,ours_only
2024,UBOT,10d RSI UBOT LT22 - L UBOT,,ours_only
2024,UBT,4d RSI UBT LT14 - L UBT,,ours_only
2024,UCC,6d RSI UCC LT20 - L UCC,,ours_only
2024,UCON,21d RSI UCON LT40 - L UCON,,ours_only
2024,UDIV,19d RSI UDIV LT37 - L UDIV,,ours_only
2024,UEVM,4d RSI UEVM LT12 - L UEVM,,ours_only
2024,UGA,3d RSI UGA LT10 - L UGA,,ours_only
2024,UIVM,10d RSI UIVM LT28 - L UIVM,,ours_only
2024,UJB,10d RSI UJB LT28 - L UJB,,ours_only
2024,UJUL,10d RSI UJUL LT30 - L UJUL,,ours_only
2024,ULE,13d RSI ULE LT33 - L ULE,,ours_only
2024,ULVM,14d RSI ULVM LT32 - L ULVM,,ours_only
2024,UMI,4d RSI UMI LT16 - L UMI,,ours_only
2024,UOCT,9d RSI UOCT LT45 - L UOCT,,ours_only
2024,URE,7d RSI URE LT18 - L URE,,ours_only
2024,URTY,19d RSI URTY LT32 - L URTY,,ours_only
2024,USAI,4d RSI USAI LT14 - L USAI,,ours_only
2024,USCI,4d RSI USCI LT12 - L USCI,,ours_only
2024,USL,9d RSI USL LT30 - L USL,,ours_only
2024,USMF,17d RSI USMF LT38 - L USMF,,ours_only
2024,USPX,4d RSI USPX LT14 - L USPX,,ours_only
2024,UST,6d RSI UST LT19 - L UST,,ours_only
2024,USVM,21d RSI USVM LT35 - L USVM,,ours_only
2024,UVXY,21d RSI UVXY LT29 - L UVXY,,ours_only
2024,UWM,16d RSI UWM LT30 - L UWM,,ours_only
2024,UYG,17d RSI UYG LT30 - L UYG,,ours_only
2024,UYM,10d RSI UYM LT27 - L UYM,,ours_only
2024,VALQ,12d RSI VALQ LT32 - L VALQ,,ours_only
2024,VAW,21d RSI VAW LT36 - L VAW,,ours_only
2024,VB,18d RSI VB LT34 - L VB,,ours_only
2024,VBND,4d RSI VBND LT13 - L VBND,,ours_only
2024,VCR,8d RSI VCR LT26 - L VCR,,ours_only
2024,VDC,13d RSI VDC LT25 - L VDC,,ours_only
2024,VEGI,13d RSI VEGI LT27 - L VEGI,,ours_only
2024,VFH,12d RSI VFH LT33 - L VFH,,ours_only
2024,VFMF,19d RSI VFMF LT39 - L VFMF,,ours_only
2024,VFMO,4d RSI VFMO LT14 - L VFMO,,ours_only
2024,VFMV,19d RSI VFMV LT39 - L VFMV,,ours_only
2024,VFQY,12d RSI VFQY LT34 - L VFQY,,ours_only
2024,VFVA,18d RSI VFVA LT35 - L VFVA,,ours_only
2024,VGSH,12d RSI VGSH LT35 - L VGSH,,ours_only
2024,VIDI,13d RSI VIDI LT32 - L VIDI,,ours_only
2024,VIOG,19d RSI VIOG LT35 - L VIOG,,ours_only
2024,VIOO,19d RSI VIOO LT34 - L VIOO,,ours_only
2024,VIOV,18d RSI VIOV LT33 - L VIOV,,ours_only
2024,VIS,18d RSI VIS LT34 - L VIS,,ours_only
2024,VIXM,18d RSI VIXM LT23 - L VIXM,,ours_only
2024,VIXY,19d RSI VIXY LT28 - L VIXY,,ours_only
2024,VLU,10d RSI VLU LT27 - L VLU,,ours_only
2024,VONE,5d RSI VONE LT18 - L VONE,,ours_only
2024,VOOV,10d RSI VOOV LT25 - L VOOV,,ours_only
2024,VSDA,6d RSI VSDA LT16 - L VSDA,,ours_only
2024,VSGX,11d RSI VSGX LT31 - L VSGX,,ours_only
2024,VSMV,3d RSI VSMV LT10 - L VSMV,,ours_only
2024,VSS,10d RSI VSS LT25 - L VSS,,ours_only
2024,VTHR,19d RSI VTHR LT37 - L VTHR,,ours_only
2024,VTWG,12d RSI VTWG LT28 - L VTWG,,ours_only
2024,VTWO,16d RSI VTWO LT31 - L VTWO,,ours_only
2024,VTWV,20d RSI VTWV LT34 - L VTWV,,ours_only
2024,VUSE,7d RSI VUSE LT23 - L VUSE,,ours_only
2024,VXF,16d RSI VXF LT33 - L VXF,,ours_only
2024,VXX,9d RSI VXX LT18 - L VXX,,ours_only
2024,VXZ,17d RSI VXZ LT23 - L VXZ,,ours_only
2024,WANT,10d RSI WANT LT28 - L WANT,,ours_only
2024,WDIV,19d RSI WDIV LT37 - L WDIV,,ours_only
2024,WIP,3d RSI WIP LT10 - L WIP,,ours_only
2024,WOOD,10d RSI WOOD LT29 - L WOOD,,ours_only
2024,WTMF,3d RSI WTMF LT10 - L WTMF,,ours_only
2024,XBI,21d RSI XBI LT31 - L XBI,,ours_only
2024,XHE,20d RSI XHE LT25 - L XHE,,ours_only
2024,XHS,21d RSI XHS LT31 - L XHS,,ours_only
2024,XITK,12d RSI XITK LT31 - L XITK,,ours_only
2024,XLC,5d RSI XLC LT21 - L XLC,,ours_only
2024,XLF,20d RSI XLF LT32 - L XLF,,ours_only
2024,XLP,15d RSI XLP LT28 - L XLP,,ours_only
2024,XMLV,17d RSI XMLV LT34 - L XMLV,,ours_only
2024,XMPT,6d RSI XMPT LT11 - L XMPT,,ours_only
2024,XMVM,18d RSI XMVM LT37 - L XMVM,,ours_only
2024,XNTK,21d RSI XNTK LT44 - L XNTK,,ours_only
2024,XPH,21d RSI XPH LT27 - L XPH,,ours_only
2024,XSD,10d RSI XSD LT25 - L XSD,,ours_only
2024,XSHD,21d RSI XSHD LT32 - L XSHD,,ours_only
2024,XSHQ,14d RSI XSHQ LT34 - L XSHQ,,ours_only
2024,XSLV,21d RSI XSLV LT35 - L XSLV,,ours_only
2024,XSOE,14d RSI XSOE LT33 - L XSOE,,ours_only
2024,XSVM,20d RSI XSVM LT37 - L XSVM,,ours_only
2024,XSW,21d RSI XSW LT38 - L XSW,,ours_only
2024,XTL,7d RSI XTL LT21 - L XTL,,ours_only
2024,XTN,10d RSI XTN LT25 - L XTN,,ours_only
2024,YCL,4d RSI YCL LT12 - L YCL,,ours_only
2024,YCS,8d RSI YCS LT30 - L YCS,,ours_only
2024,YLD,19d RSI YLD LT37 - L YLD,,ours_only
2024,YLDE,4d RSI YLDE LT13 - L YLDE,,ours_only
2024,ACWI,10d RSI ACWI LT28 - L ACWI,9d RSI ACWI LT27 - L ACWI,same_ticker_different_branch
2024,ACWV,10d RSI ACWV LT27 - L ACWV,9d RSI ACWV LT25 - L ACWV,same_ticker_different_branch
2024,ACWX,20d RSI ACWX LT37 - L ACWX,14d RSI ACWX LT33 - L ACWX,same_ticker_different_branch
2024,AGG,4d RSI AGG LT14 - L AGG,3d RSI AGG LT11 - L AGG,same_ticker_different_branch
2024,AIA,13d RSI AIA LT33 - L AIA,16d RSI AIA LT36 - L AIA,same_ticker_different_branch
2024,AIRR,12d RSI AIRR LT33 - L AIRR,13d RSI AIRR LT34 - L AIRR,same_ticker_different_branch
2024,AMLP,10d RSI AMLP LT34 - L AMLP,6d RSI AMLP LT28 - L AMLP,same_ticker_different_branch
2024,ANGL,10d RSI ANGL LT31 - L ANGL,9d RSI ANGL LT29 - L ANGL,same_ticker_different_branch
2024,AOA,15d RSI AOA LT33 - L AOA,13d RSI AOA LT31 - L AOA,same_ticker_different_branch
2024,AOM,18d RSI AOM LT34 - L AOM,14d RSI AOM LT31 - L AOM,same_ticker_different_branch
2024,AOR,15d RSI AOR LT33 - L AOR,16d RSI AOR LT34 - L AOR,same_ticker_different_branch
2024,ARKK,14d RSI ARKK LT31 - L ARKK,16d RSI ARKK LT32 - L ARKK,same_ticker_different_branch
2024,ASHR,6d RSI ASHR LT18 - L ASHR,16d RSI ASHR LT33 - L ASHR,same_ticker_different_branch
2024,BBHY,17d RSI BBHY LT43 - L BBHY,21d RSI BBHY LT45 - L BBHY,same_ticker_different_branch
2024,BCI,10d RSI BCI LT29 - L BCI,5d RSI BCI LT18 - L BCI,same_ticker_different_branch
2024,BIV,6d RSI BIV LT22 - L BIV,12d RSI BIV LT31 - L BIV,same_ticker_different_branch
2024,BIZD,13d RSI BIZD LT48 - L BIZD,21d RSI BIZD LT50 - L BIZD,same_ticker_different_branch
2024,BKLN,13d RSI BKLN LT44 - L BKLN,12d RSI BKLN LT44 - L BKLN,same_ticker_different_branch
2024,BNDX,5d RSI BNDX LT20 - L BNDX,6d RSI BNDX LT24 - L BNDX,same_ticker_different_branch
2024,BSCR,16d RSI BSCR LT36 - L BSCR,15d RSI BSCR LT38 - L BSCR,same_ticker_different_branch
2024,BSV,10d RSI BSV LT32 - L BSV,13d RSI BSV LT34 - L BSV,same_ticker_different_branch
2024,CHAU,5d RSI CHAU LT13 - L CHAU,13d RSI CHAU LT31 - L CHAU,same_ticker_different_branch
2024,CIBR,4d RSI CIBR LT12 - L CIBR,4d RSI CIBR LT17 - L CIBR,same_ticker_different_branch
2024,CMF,14d RSI CMF LT26 - L CMF,14d RSI CMF LT27 - L CMF,same_ticker_different_branch
2024,COLO,18d RSI COLO LT36 - L COLO,20d RSI COLO LT37 - L COLO,same_ticker_different_branch
2024,COMT,3d RSI COMT LT12 - L COMT,3d RSI COMT LT13 - L COMT,same_ticker_different_branch
2024,CPER,12d RSI CPER LT32 - L CPER,7d RSI CPER LT31 - L CPER,same_ticker_different_branch
2024,CWEB,14d RSI CWEB LT35 - L CWEB,15d RSI CWEB LT36 - L CWEB,same_ticker_different_branch
2024,CWI,11d RSI CWI LT34 - L CWI,12d RSI CWI LT35 - L CWI,same_ticker_different_branch
2024,CXSE,11d RSI CXSE LT29 - L CXSE,10d RSI CXSE LT27 - L CXSE,same_ticker_different_branch
2024,DBA,17d RSI DBA LT40 - L DBA,18d RSI DBA LT41 - L DBA,same_ticker_different_branch
2024,DBB,7d RSI DBB LT22 - L DBB,5d RSI DBB LT18 - L DBB,same_ticker_different_branch
2024,DBEF,10d RSI DBEF LT30 - L DBEF,7d RSI DBEF LT27 - L DBEF,same_ticker_different_branch
2024,DBO,13d RSI DBO LT35 - L DBO,4d RSI DBO LT18 - L DBO,same_ticker_different_branch
2024,DDWM,16d RSI DDWM LT38 - L DDWM,10d RSI DDWM LT33 - L DDWM,same_ticker_different_branch
2024,DES,20d RSI DES LT36 - L DES,21d RSI DES LT40 - L DES,same_ticker_different_branch
2024,DGRW,6d RSI DGRW LT23 - L DGRW,4d RSI DGRW LT15 - L DGRW,same_ticker_different_branch
2024,DGS,8d RSI DGS LT27 - L DGS,7d RSI DGS LT25 - L DGS,same_ticker_different_branch
2024,DIVB,4d RSI DIVB LT10 - L DIVB,8d RSI DIVB LT24 - L DIVB,same_ticker_different_branch
2024,DIVI,7d RSI DIVI LT28 - L DIVI,12d RSI DIVI LT36 - L DIVI,same_ticker_different_branch
2024,DIVO,4d RSI DIVO LT14 - L DIVO,16d RSI DIVO LT37 - L DIVO,same_ticker_different_branch
2024,DLN,9d RSI DLN LT24 - L DLN,5d RSI DLN LT16 - L DLN,same_ticker_different_branch
2024,DVY,21d RSI DVY LT35 - L DVY,5d RSI DVY LT11 - L DVY,same_ticker_different_branch
2024,DVYE,13d RSI DVYE LT33 - L DVYE,14d RSI DVYE LT34 - L DVYE,same_ticker_different_branch
2024,DXD,20d RSI DXD LT42 - L DXD,21d RSI DXD LT44 - L DXD,same_ticker_different_branch
2024,DXJ,21d RSI DXJ LT44 - L DXJ,20d RSI DXJ LT47 - L DXJ,same_ticker_different_branch
2024,EBND,6d RSI EBND LT18 - L EBND,6d RSI EBND LT19 - L EBND,same_ticker_different_branch
2024,EEM,18d RSI EEM LT36 - L EEM,14d RSI EEM LT34 - L EEM,same_ticker_different_branch
2024,EEMV,5d RSI EEMV LT15 - L EEMV,6d RSI EEMV LT19 - L EEMV,same_ticker_different_branch
2024,EFA,15d RSI EFA LT33 - L EFA,8d RSI EFA LT26 - L EFA,same_ticker_different_branch
2024,EFG,17d RSI EFG LT33 - L EFG,8d RSI EFG LT28 - L EFG,same_ticker_different_branch
2024,EFV,10d RSI EFV LT29 - L EFV,11d RSI EFV LT31 - L EFV,same_ticker_different_branch
2024,EMGF,13d RSI EMGF LT33 - L EMGF,11d RSI EMGF LT32 - L EMGF,same_ticker_different_branch
2024,EMHY,16d RSI EMHY LT35 - L EMHY,15d RSI EMHY LT34 - L EMHY,same_ticker_different_branch
2024,EMLC,5d RSI EMLC LT16 - L EMLC,6d RSI EMLC LT18 - L EMLC,same_ticker_different_branch
2024,EPHE,20d RSI EPHE LT36 - L EPHE,18d RSI EPHE LT35 - L EPHE,same_ticker_different_branch
2024,EQWL,12d RSI EQWL LT29 - L EQWL,11d RSI EQWL LT28 - L EQWL,same_ticker_different_branch
2024,ERY,8d RSI ERY LT25 - L ERY,6d RSI ERY LT20 - L ERY,same_ticker_different_branch
2024,ESGD,4d RSI ESGD LT14 - L ESGD,4d RSI ESGD LT13 - L ESGD,same_ticker_different_branch
2024,ESGU,10d RSI ESGU LT30 - L ESGU,4d RSI ESGU LT15 - L ESGU,same_ticker_different_branch
2024,EUFN,3d RSI EUFN LT11 - L EUFN,3d RSI EUFN LT10 - L EUFN,same_ticker_different_branch
2024,EWA,18d RSI EWA LT37 - L EWA,20d RSI EWA LT39 - L EWA,same_ticker_different_branch
2024,EWC,4d RSI EWC LT12 - L EWC,9d RSI EWC LT23 - L EWC,same_ticker_different_branch
2024,EWD,5d RSI EWD LT17 - L EWD,8d RSI EWD LT25 - L EWD,same_ticker_different_branch
2024,EWG,11d RSI EWG LT31 - L EWG,12d RSI EWG LT32 - L EWG,same_ticker_different_branch
2024,EWH,20d RSI EWH LT34 - L EWH,15d RSI EWH LT30 - L EWH,same_ticker_different_branch
2024,EWI,5d RSI EWI LT20 - L EWI,11d RSI EWI LT33 - L EWI,same_ticker_different_branch
2024,EWJ,13d RSI EWJ LT34 - L EWJ,3d RSI EWJ LT10 - L EWJ,same_ticker_different_branch
2024,EWP,6d RSI EWP LT24 - L EWP,6d RSI EWP LT25 - L EWP,same_ticker_different_branch
2024,EWQ,19d RSI EWQ LT37 - L EWQ,21d RSI EWQ LT37 - L EWQ,same_ticker_different_branch
2024,EWU,12d RSI EWU LT31 - L EWU,14d RSI EWU LT33 - L EWU,same_ticker_different_branch
2024,EWW,3d RSI EWW LT13 - L EWW,3d RSI EWW LT14 - L EWW,same_ticker_different_branch
2024,EWY,19d RSI EWY LT34 - L EWY,21d RSI EWY LT35 - L EWY,same_ticker_different_branch
2024,EWZ,19d RSI EWZ LT39 - L EWZ,21d RSI EWZ LT40 - L EWZ,same_ticker_different_branch
2024,EWZS,4d RSI EWZS LT11 - L EWZS,4d RSI EWZS LT13 - L EWZS,same_ticker_different_branch
2024,EZU,16d RSI EZU LT35 - L EZU,14d RSI EZU LT34 - L EZU,same_ticker_different_branch
2024,FALN,4d RSI FALN LT11 - L FALN,18d RSI FALN LT42 - L FALN,same_ticker_different_branch
2024,FBT,6d RSI FBT LT16 - L FBT,8d RSI FBT LT19 - L FBT,same_ticker_different_branch
2024,FDD,13d RSI FDD LT31 - L FDD,9d RSI FDD LT26 - L FDD,same_ticker_different_branch
2024,FDIS,8d RSI FDIS LT25 - L FDIS,8d RSI FDIS LT26 - L FDIS,same_ticker_different_branch
2024,FDL,18d RSI FDL LT33 - L FDL,19d RSI FDL LT33 - L FDL,same_ticker_different_branch
2024,FDN,14d RSI FDN LT38 - L FDN,12d RSI FDN LT37 - L FDN,same_ticker_different_branch
2024,FDVV,9d RSI FDVV LT25 - L FDVV,8d RSI FDVV LT23 - L FDVV,same_ticker_different_branch
2024,FEMB,10d RSI FEMB LT28 - L FEMB,7d RSI FEMB LT21 - L FEMB,same_ticker_different_branch
2024,FENY,15d RSI FENY LT38 - L FENY,21d RSI FENY LT38 - L FENY,same_ticker_different_branch
2024,FFTY,17d RSI FFTY LT33 - L FFTY,19d RSI FFTY LT35 - L FFTY,same_ticker_different_branch
2024,FHLC,10d RSI FHLC LT24 - L FHLC,7d RSI FHLC LT20 - L FHLC,same_ticker_different_branch
2024,FIDU,10d RSI FIDU LT29 - L FIDU,7d RSI FIDU LT26 - L FIDU,same_ticker_different_branch
2024,FIXD,5d RSI FIXD LT18 - L FIXD,3d RSI FIXD LT10 - L FIXD,same_ticker_different_branch
2024,FLJP,11d RSI FLJP LT30 - L FLJP,16d RSI FLJP LT35 - L FLJP,same_ticker_different_branch
2024,FLOT,6d RSI FLOT LT64 - L FLOT,4d RSI FLOT LT65 - L FLOT,same_ticker_different_branch
2024,FLRN,9d RSI FLRN LT70 - L FLRN,13d RSI FLRN LT70 - L FLRN,same_ticker_different_branch
2024,FLTR,18d RSI FLTR LT70 - L FLTR,19d RSI FLTR LT70 - L FLTR,same_ticker_different_branch
2024,FMB,21d RSI FMB LT34 - L FMB,16d RSI FMB LT35 - L FMB,same_ticker_different_branch
2024,FMHI,19d RSI FMHI LT36 - L FMHI,17d RSI FMHI LT36 - L FMHI,same_ticker_different_branch
2024,FNDA,16d RSI FNDA LT34 - L FNDA,15d RSI FNDA LT33 - L FNDA,same_ticker_different_branch
2024,FNDB,11d RSI FNDB LT30 - L FNDB,4d RSI FNDB LT14 - L FNDB,same_ticker_different_branch
2024,FNDF,4d RSI FNDF LT14 - L FNDF,3d RSI FNDF LT11 - L FNDF,same_ticker_different_branch
2024,FNDX,5d RSI FNDX LT18 - L FNDX,5d RSI FNDX LT19 - L FNDX,same_ticker_different_branch
2024,FSTA,6d RSI FSTA LT13 - L FSTA,6d RSI FSTA LT12 - L FSTA,same_ticker_different_branch
2024,FTEC,10d RSI FTEC LT29 - L FTEC,8d RSI FTEC LT25 - L FTEC,same_ticker_different_branch
2024,FTGC,12d RSI FTGC LT31 - L FTGC,21d RSI FTGC LT37 - L FTGC,same_ticker_different_branch
2024,FTHI,10d RSI FTHI LT28 - L FTHI,12d RSI FTHI LT30 - L FTHI,same_ticker_different_branch
2024,FTLS,21d RSI FTLS LT44 - L FTLS,7d RSI FTLS LT31 - L FTLS,same_ticker_different_branch
2024,FTSM,3d RSI FTSM LT45 - L FTSM,4d RSI FTSM LT55 - L FTSM,same_ticker_different_branch
2024,FTXL,10d RSI FTXL LT30 - L FTXL,5d RSI FTXL LT18 - L FTXL,same_ticker_different_branch
2024,FUTY,18d RSI FUTY LT34 - L FUTY,14d RSI FUTY LT28 - L FUTY,same_ticker_different_branch
2024,FVD,5d RSI FVD LT14 - L FVD,10d RSI FVD LT22 - L FVD,same_ticker_different_branch
2024,FXI,17d RSI FXI LT36 - L FXI,18d RSI FXI LT39 - L FXI,same_ticker_different_branch
2024,FXR,6d RSI FXR LT21 - L FXR,4d RSI FXR LT14 - L FXR,same_ticker_different_branch
2024,FXU,20d RSI FXU LT38 - L FXU,7d RSI FXU LT30 - L FXU,same_ticker_different_branch
2024,FXY,4d RSI FXY LT11 - L FXY,4d RSI FXY LT12 - L FXY,same_ticker_different_branch
2024,GBIL,3d RSI GBIL LT60 - L GBIL,4d RSI GBIL LT67 - L GBIL,same_ticker_different_branch
2024,GCOW,3d RSI GCOW LT10 - L GCOW,4d RSI GCOW LT14 - L GCOW,same_ticker_different_branch
2024,GNR,5d RSI GNR LT16 - L GNR,6d RSI GNR LT18 - L GNR,same_ticker_different_branch
2024,GOVI,4d RSI GOVI LT13 - L GOVI,3d RSI GOVI LT10 - L GOVI,same_ticker_different_branch
2024,GREK,8d RSI GREK LT24 - L GREK,7d RSI GREK LT22 - L GREK,same_ticker_different_branch
2024,GSIE,8d RSI GSIE LT26 - L GSIE,7d RSI GSIE LT24 - L GSIE,same_ticker_different_branch
2024,GSLC,4d RSI GSLC LT16 - L GSLC,4d RSI GSLC LT15 - L GSLC,same_ticker_different_branch
2024,GSY,4d RSI GSY LT45 - L GSY,13d RSI GSY LT66 - L GSY,same_ticker_different_branch
2024,GUNR,7d RSI GUNR LT20 - L GUNR,6d RSI GUNR LT18 - L GUNR,same_ticker_different_branch
2024,GUSH,10d RSI GUSH LT29 - L GUSH,7d RSI GUSH LT23 - L GUSH,same_ticker_different_branch
2024,GVAL,10d RSI GVAL LT28 - L GVAL,9d RSI GVAL LT27 - L GVAL,same_ticker_different_branch
2024,GVI,6d RSI GVI LT22 - L GVI,7d RSI GVI LT24 - L GVI,same_ticker_different_branch
2024,HACK,4d RSI HACK LT12 - L HACK,3d RSI HACK LT10 - L HACK,same_ticker_different_branch
2024,HDGE,6d RSI HDGE LT17 - L HDGE,7d RSI HDGE LT21 - L HDGE,same_ticker_different_branch
2024,HEWJ,10d RSI HEWJ LT35 - L HEWJ,17d RSI HEWJ LT43 - L HEWJ,same_ticker_different_branch
2024,HTRB,4d RSI HTRB LT14 - L HTRB,5d RSI HTRB LT18 - L HTRB,same_ticker_different_branch
2024,HYD,10d RSI HYD LT23 - L HYD,20d RSI HYD LT34 - L HYD,same_ticker_different_branch
2024,HYDB,5d RSI HYDB LT20 - L HYDB,5d RSI HYDB LT21 - L HYDB,same_ticker_different_branch
2024,HYLB,10d RSI HYLB LT29 - L HYLB,13d RSI HYLB LT33 - L HYLB,same_ticker_different_branch
2024,HYMB,17d RSI HYMB LT32 - L HYMB,15d RSI HYMB LT32 - L HYMB,same_ticker_different_branch
2024,HYS,10d RSI HYS LT31 - L HYS,6d RSI HYS LT22 - L HYS,same_ticker_different_branch
2024,IAGG,4d RSI IAGG LT16 - L IAGG,3d RSI IAGG LT11 - L IAGG,same_ticker_different_branch
2024,IBND,11d RSI IBND LT28 - L IBND,9d RSI IBND LT24 - L IBND,same_ticker_different_branch
2024,ICOW,4d RSI ICOW LT15 - L ICOW,3d RSI ICOW LT10 - L ICOW,same_ticker_different_branch
2024,ICVT,15d RSI ICVT LT30 - L ICVT,14d RSI ICVT LT29 - L ICVT,same_ticker_different_branch
2024,IDX,10d RSI IDX LT21 - L IDX,8d RSI IDX LT18 - L IDX,same_ticker_different_branch
2024,IEFA,13d RSI IEFA LT34 - L IEFA,9d RSI IEFA LT27 - L IEFA,same_ticker_different_branch
2024,IEI,19d RSI IEI LT37 - L IEI,20d RSI IEI LT38 - L IEI,same_ticker_different_branch
2024,IEMG,13d RSI IEMG LT33 - L IEMG,16d RSI IEMG LT35 - L IEMG,same_ticker_different_branch
2024,IEUR,8d RSI IEUR LT25 - L IEUR,7d RSI IEUR LT23 - L IEUR,same_ticker_different_branch
2024,IEV,14d RSI IEV LT34 - L IEV,11d RSI IEV LT31 - L IEV,same_ticker_different_branch
2024,IGF,19d RSI IGF LT36 - L IGF,18d RSI IGF LT33 - L IGF,same_ticker_different_branch
2024,IGOV,5d RSI IGOV LT15 - L IGOV,7d RSI IGOV LT19 - L IGOV,same_ticker_different_branch
2024,IGSB,13d RSI IGSB LT35 - L IGSB,17d RSI IGSB LT40 - L IGSB,same_ticker_different_branch
2024,IGV,10d RSI IGV LT36 - L IGV,8d RSI IGV LT32 - L IGV,same_ticker_different_branch
2024,IHDG,3d RSI IHDG LT10 - L IHDG,8d RSI IHDG LT29 - L IHDG,same_ticker_different_branch
2024,IHF,4d RSI IHF LT11 - L IHF,3d RSI IHF LT12 - L IHF,same_ticker_different_branch
2024,ILF,14d RSI ILF LT37 - L ILF,20d RSI ILF LT40 - L ILF,same_ticker_different_branch
2024,IMCG,10d RSI IMCG LT25 - L IMCG,8d RSI IMCG LT23 - L IMCG,same_ticker_different_branch
2024,IMTM,5d RSI IMTM LT19 - L IMTM,8d RSI IMTM LT24 - L IMTM,same_ticker_different_branch
2024,INDA,15d RSI INDA LT32 - L INDA,17d RSI INDA LT34 - L INDA,same_ticker_different_branch
2024,INTF,5d RSI INTF LT17 - L INTF,4d RSI INTF LT13 - L INTF,same_ticker_different_branch
2024,IQDF,21d RSI IQDF LT39 - L IQDF,20d RSI IQDF LT39 - L IQDF,same_ticker_different_branch
2024,IUSB,3d RSI IUSB LT10 - L IUSB,3d RSI IUSB LT11 - L IUSB,same_ticker_different_branch
2024,IUSG,12d RSI IUSG LT34 - L IUSG,19d RSI IUSG LT39 - L IUSG,same_ticker_different_branch
2024,IUSV,10d RSI IUSV LT25 - L IUSV,6d RSI IUSV LT17 - L IUSV,same_ticker_different_branch
2024,IVE,10d RSI IVE LT25 - L IVE,6d RSI IVE LT17 - L IVE,same_ticker_different_branch
2024,IVLU,3d RSI IVLU LT10 - L IVLU,10d RSI IVLU LT30 - L IVLU,same_ticker_different_branch
2024,IVV,10d RSI IVV LT30 - L IVV,5d RSI IVV LT20 - L IVV,same_ticker_different_branch
2024,IWF,20d RSI IWF LT41 - L IWF,10d RSI IWF LT35 - L IWF,same_ticker_different_branch
2024,IWO,13d RSI IWO LT28 - L IWO,11d RSI IWO LT27 - L IWO,same_ticker_different_branch
2024,IWP,6d RSI IWP LT21 - L IWP,4d RSI IWP LT14 - L IWP,same_ticker_different_branch
2024,IWV,6d RSI IWV LT20 - L IWV,5d RSI IWV LT19 - L IWV,same_ticker_different_branch
2024,IWX,5d RSI IWX LT16 - L IWX,7d RSI IWX LT21 - L IWX,same_ticker_different_branch
2024,IWY,12d RSI IWY LT36 - L IWY,14d RSI IWY LT37 - L IWY,same_ticker_different_branch
2024,IXJ,17d RSI IXJ LT33 - L IXJ,4d RSI IXJ LT12 - L IXJ,same_ticker_different_branch
2024,IXUS,7d RSI IXUS LT22 - L IXUS,6d RSI IXUS LT21 - L IXUS,same_ticker_different_branch
2024,IYF,20d RSI IYF LT41 - L IYF,19d RSI IYF LT41 - L IYF,same_ticker_different_branch
2024,IYJ,7d RSI IYJ LT22 - L IYJ,6d RSI IYJ LT21 - L IYJ,same_ticker_different_branch
2024,IYK,19d RSI IYK LT38 - L IYK,18d RSI IYK LT37 - L IYK,same_ticker_different_branch
2024,IYT,5d RSI IYT LT14 - L IYT,4d RSI IYT LT11 - L IYT,same_ticker_different_branch
2024,IYW,4d RSI IYW LT15 - L IYW,8d RSI IYW LT28 - L IYW,same_ticker_different_branch
2024,JDST,21d RSI JDST LT36 - L JDST,6d RSI JDST LT21 - L JDST,same_ticker_different_branch
2024,JHMD,4d RSI JHMD LT16 - L JHMD,4d RSI JHMD LT17 - L JHMD,same_ticker_different_branch
2024,JHMM,17d RSI JHMM LT32 - L JHMM,11d RSI JHMM LT25 - L JHMM,same_ticker_different_branch
2024,JPST,21d RSI JPST LT60 - L JPST,11d RSI JPST LT62 - L JPST,same_ticker_different_branch
2024,JQUA,6d RSI JQUA LT24 - L JQUA,5d RSI JQUA LT20 - L JQUA,same_ticker_different_branch
2024,KWEB,13d RSI KWEB LT35 - L KWEB,14d RSI KWEB LT36 - L KWEB,same_ticker_different_branch
2024,LEMB,10d RSI LEMB LT21 - L LEMB,9d RSI LEMB LT19 - L LEMB,same_ticker_different_branch
2024,LVHI,17d RSI LVHI LT38 - L LVHI,14d RSI LVHI LT38 - L LVHI,same_ticker_different_branch
2024,MCHI,4d RSI MCHI LT12 - L MCHI,11d RSI MCHI LT31 - L MCHI,same_ticker_different_branch
2024,MEAR,14d RSI MEAR LT48 - L MEAR,16d RSI MEAR LT50 - L MEAR,same_ticker_different_branch
2024,MGK,21d RSI MGK LT41 - L MGK,5d RSI MGK LT22 - L MGK,same_ticker_different_branch
2024,MINT,6d RSI MINT LT69 - L MINT,12d RSI MINT LT70 - L MINT,same_ticker_different_branch
2024,MLPX,10d RSI MLPX LT34 - L MLPX,9d RSI MLPX LT32 - L MLPX,same_ticker_different_branch
2024,MMIT,14d RSI MMIT LT34 - L MMIT,18d RSI MMIT LT37 - L MMIT,same_ticker_different_branch
2024,MUNI,17d RSI MUNI LT32 - L MUNI,15d RSI MUNI LT32 - L MUNI,same_ticker_different_branch
2024,NEAR,17d RSI NEAR LT68 - L NEAR,3d RSI NEAR LT42 - L NEAR,same_ticker_different_branch
2024,NYF,12d RSI NYF LT21 - L NYF,6d RSI NYF LT10 - L NYF,same_ticker_different_branch
2024,PALL,4d RSI PALL LT17 - L PALL,10d RSI PALL LT30 - L PALL,same_ticker_different_branch
2024,PAVE,18d RSI PAVE LT36 - L PAVE,16d RSI PAVE LT35 - L PAVE,same_ticker_different_branch
2024,PCY,4d RSI PCY LT13 - L PCY,4d RSI PCY LT14 - L PCY,same_ticker_different_branch
2024,PFF,10d RSI PFF LT23 - L PFF,6d RSI PFF LT15 - L PFF,same_ticker_different_branch
2024,PFXF,20d RSI PFXF LT33 - L PFXF,4d RSI PFXF LT13 - L PFXF,same_ticker_different_branch
2024,PGF,8d RSI PGF LT15 - L PGF,19d RSI PGF LT31 - L PGF,same_ticker_different_branch
2024,PGX,5d RSI PGX LT11 - L PGX,7d RSI PGX LT16 - L PGX,same_ticker_different_branch
2024,PICK,18d RSI PICK LT36 - L PICK,17d RSI PICK LT36 - L PICK,same_ticker_different_branch
2024,PSI,8d RSI PSI LT28 - L PSI,9d RSI PSI LT30 - L PSI,same_ticker_different_branch
2024,PSK,10d RSI PSK LT22 - L PSK,7d RSI PSK LT17 - L PSK,same_ticker_different_branch
2024,PSLV,18d RSI PSLV LT36 - L PSLV,7d RSI PSLV LT22 - L PSLV,same_ticker_different_branch
2024,PTLC,19d RSI PTLC LT35 - L PTLC,14d RSI PTLC LT32 - L PTLC,same_ticker_different_branch
2024,PWZ,20d RSI PWZ LT70 - L PWZ,20d RSI PWZ LT54 - L PWZ,same_ticker_different_branch
2024,PXF,4d RSI PXF LT14 - L PXF,3d RSI PXF LT12 - L PXF,same_ticker_different_branch
2024,PZA,20d RSI PZA LT38 - L PZA,6d RSI PZA LT11 - L PZA,same_ticker_different_branch
2024,QLTA,4d RSI QLTA LT14 - L QLTA,3d RSI QLTA LT10 - L QLTA,same_ticker_different_branch
2024,QQXT,10d RSI QQXT LT27 - L QQXT,7d RSI QQXT LT22 - L QQXT,same_ticker_different_branch
2024,QUAL,6d RSI QUAL LT26 - L QUAL,7d RSI QUAL LT29 - L QUAL,same_ticker_different_branch
2024,QYLD,21d RSI QYLD LT38 - L QYLD,16d RSI QYLD LT36 - L QYLD,same_ticker_different_branch
2024,RDVY,21d RSI RDVY LT38 - L RDVY,16d RSI RDVY LT33 - L RDVY,same_ticker_different_branch
2024,REET,9d RSI REET LT23 - L REET,8d RSI REET LT21 - L REET,same_ticker_different_branch
2024,RPG,19d RSI RPG LT42 - L RPG,7d RSI RPG LT31 - L RPG,same_ticker_different_branch
2024,RSPG,5d RSI RSPG LT21 - L RSPG,4d RSI RSPG LT17 - L RSPG,same_ticker_different_branch
2024,RSPN,7d RSI RSPN LT26 - L RSPN,6d RSI RSPN LT23 - L RSPN,same_ticker_different_branch
2024,RSPT,4d RSI RSPT LT21 - L RSPT,16d RSI RSPT LT40 - L RSPT,same_ticker_different_branch
2024,RWM,5d RSI RWM LT21 - L RWM,3d RSI RWM LT15 - L RWM,same_ticker_different_branch
2024,SCHC,4d RSI SCHC LT13 - L SCHC,5d RSI SCHC LT16 - L SCHC,same_ticker_different_branch
2024,SCHF,10d RSI SCHF LT27 - L SCHF,13d RSI SCHF LT30 - L SCHF,same_ticker_different_branch
2024,SCHG,5d RSI SCHG LT22 - L SCHG,17d RSI SCHG LT39 - L SCHG,same_ticker_different_branch
2024,SCHK,6d RSI SCHK LT21 - L SCHK,5d RSI SCHK LT19 - L SCHK,same_ticker_different_branch
2024,SCHO,10d RSI SCHO LT32 - L SCHO,8d RSI SCHO LT28 - L SCHO,same_ticker_different_branch
2024,SCHP,9d RSI SCHP LT28 - L SCHP,8d RSI SCHP LT26 - L SCHP,same_ticker_different_branch
2024,SCHX,5d RSI SCHX LT18 - L SCHX,4d RSI SCHX LT15 - L SCHX,same_ticker_different_branch
2024,SDS,20d RSI SDS LT33 - L SDS,6d RSI SDS LT16 - L SDS,same_ticker_different_branch
2024,SDY,8d RSI SDY LT22 - L SDY,7d RSI SDY LT19 - L SDY,same_ticker_different_branch
2024,SECT,10d RSI SECT LT30 - L SECT,9d RSI SECT LT29 - L SECT,same_ticker_different_branch
2024,SHYG,20d RSI SHYG LT46 - L SHYG,20d RSI SHYG LT45 - L SHYG,same_ticker_different_branch
2024,SIVR,5d RSI SIVR LT14 - L SIVR,4d RSI SIVR LT11 - L SIVR,same_ticker_different_branch
2024,SJNK,10d RSI SJNK LT32 - L SJNK,7d RSI SJNK LT27 - L SJNK,same_ticker_different_branch
2024,SLQD,18d RSI SLQD LT41 - L SLQD,19d RSI SLQD LT42 - L SLQD,same_ticker_different_branch
2024,SLV,8d RSI SLV LT24 - L SLV,4d RSI SLV LT11 - L SLV,same_ticker_different_branch
2024,SMH,17d RSI SMH LT38 - L SMH,9d RSI SMH LT33 - L SMH,same_ticker_different_branch
2024,SMIN,17d RSI SMIN LT39 - L SMIN,15d RSI SMIN LT38 - L SMIN,same_ticker_different_branch
2024,SOXX,10d RSI SOXX LT28 - L SOXX,8d RSI SOXX LT25 - L SOXX,same_ticker_different_branch
2024,SOYB,13d RSI SOYB LT26 - L SOYB,18d RSI SOYB LT28 - L SOYB,same_ticker_different_branch
2024,SPBO,4d RSI SPBO LT11 - L SPBO,4d RSI SPBO LT12 - L SPBO,same_ticker_different_branch
2024,SPDN,16d RSI SPDN LT30 - L SPDN,7d RSI SPDN LT19 - L SPDN,same_ticker_different_branch
2024,SPDW,10d RSI SPDW LT27 - L SPDW,7d RSI SPDW LT22 - L SPDW,same_ticker_different_branch
2024,SPGM,10d RSI SPGM LT27 - L SPGM,14d RSI SPGM LT34 - L SPGM,same_ticker_different_branch
2024,SPHY,15d RSI SPHY LT40 - L SPHY,17d RSI SPHY LT42 - L SPHY,same_ticker_different_branch
2024,SPIB,4d RSI SPIB LT13 - L SPIB,4d RSI SPIB LT14 - L SPIB,same_ticker_different_branch
2024,SPIP,4d RSI SPIP LT15 - L SPIP,5d RSI SPIP LT19 - L SPIP,same_ticker_different_branch
2024,SPMB,8d RSI SPMB LT26 - L SPMB,4d RSI SPMB LT17 - L SPMB,same_ticker_different_branch
2024,SPMO,3d RSI SPMO LT10 - L SPMO,3d RSI SPMO LT16 - L SPMO,same_ticker_different_branch
2024,SPSB,19d RSI SPSB LT45 - L SPSB,16d RSI SPSB LT43 - L SPSB,same_ticker_different_branch
2024,SPTI,5d RSI SPTI LT18 - L SPTI,19d RSI SPTI LT38 - L SPTI,same_ticker_different_branch
2024,SPTL,3d RSI SPTL LT10 - L SPTL,3d RSI SPTL LT11 - L SPTL,same_ticker_different_branch
2024,SPTM,10d RSI SPTM LT28 - L SPTM,4d RSI SPTM LT15 - L SPTM,same_ticker_different_branch
2024,SPTS,11d RSI SPTS LT34 - L SPTS,11d RSI SPTS LT35 - L SPTS,same_ticker_different_branch
2024,SPXL,7d RSI SPXL LT21 - L SPXL,4d RSI SPXL LT15 - L SPXL,same_ticker_different_branch
2024,SPXS,17d RSI SPXS LT29 - L SPXS,13d RSI SPXS LT27 - L SPXS,same_ticker_different_branch
2024,SPXU,14d RSI SPXU LT28 - L SPXU,7d RSI SPXU LT18 - L SPXU,same_ticker_different_branch
2024,SPY,10d RSI SPY LT30 - L SPY,5d RSI SPY LT20 - L SPY,same_ticker_different_branch
2024,SPYV,10d RSI SPYV LT25 - L SPYV,8d RSI SPYV LT22 - L SPYV,same_ticker_different_branch
2024,SRTY,7d RSI SRTY LT22 - L SRTY,3d RSI SRTY LT15 - L SRTY,same_ticker_different_branch
2024,SSO,4d RSI SSO LT14 - L SSO,4d RSI SSO LT15 - L SSO,same_ticker_different_branch
2024,SUSC,4d RSI SUSC LT14 - L SUSC,5d RSI SUSC LT19 - L SUSC,same_ticker_different_branch
2024,TAIL,15d RSI TAIL LT33 - L TAIL,7d RSI TAIL LT23 - L TAIL,same_ticker_different_branch
2024,TBT,10d RSI TBT LT27 - L TBT,9d RSI TBT LT26 - L TBT,same_ticker_different_branch
2024,TDIV,8d RSI TDIV LT26 - L TDIV,9d RSI TDIV LT28 - L TDIV,same_ticker_different_branch
2024,TDTF,6d RSI TDTF LT20 - L TDTF,8d RSI TDTF LT27 - L TDTF,same_ticker_different_branch
2024,TDTT,17d RSI TDTT LT40 - L TDTT,11d RSI TDTT LT34 - L TDTT,same_ticker_different_branch
2024,TFI,19d RSI TFI LT33 - L TFI,18d RSI TFI LT32 - L TFI,same_ticker_different_branch
2024,TIP,10d RSI TIP LT29 - L TIP,8d RSI TIP LT26 - L TIP,same_ticker_different_branch
2024,TIPX,18d RSI TIPX LT39 - L TIPX,17d RSI TIPX LT40 - L TIPX,same_ticker_different_branch
2024,TLH,4d RSI TLH LT12 - L TLH,3d RSI TLH LT11 - L TLH,same_ticker_different_branch
2024,TMV,10d RSI TMV LT26 - L TMV,8d RSI TMV LT25 - L TMV,same_ticker_different_branch
2024,TQQQ,6d RSI TQQQ LT25 - L TQQQ,7d RSI TQQQ LT28 - L TQQQ,same_ticker_different_branch
2024,TUR,8d RSI TUR LT25 - L TUR,17d RSI TUR LT38 - L TUR,same_ticker_different_branch
2024,TWM,6d RSI TWM LT20 - L TWM,3d RSI TWM LT15 - L TWM,same_ticker_different_branch
2024,TZA,4d RSI TZA LT19 - L TZA,3d RSI TZA LT15 - L TZA,same_ticker_different_branch
2024,UAE,7d RSI UAE LT20 - L UAE,6d RSI UAE LT18 - L UAE,same_ticker_different_branch
2024,UCO,19d RSI UCO LT38 - L UCO,11d RSI UCO LT33 - L UCO,same_ticker_different_branch
2024,UDN,4d RSI UDN LT15 - L UDN,3d RSI UDN LT12 - L UDN,same_ticker_different_branch
2024,UDOW,7d RSI UDOW LT23 - L UDOW,6d RSI UDOW LT20 - L UDOW,same_ticker_different_branch
2024,ULST,10d RSI ULST LT57 - L ULST,4d RSI ULST LT41 - L ULST,same_ticker_different_branch
2024,UPRO,4d RSI UPRO LT14 - L UPRO,4d RSI UPRO LT15 - L UPRO,same_ticker_different_branch
2024,URA,3d RSI URA LT14 - L URA,3d RSI URA LT16 - L URA,same_ticker_different_branch
2024,USD,10d RSI USD LT33 - L USD,8d RSI USD LT30 - L USD,same_ticker_different_branch
2024,USDU,6d RSI USDU LT21 - L USDU,7d RSI USDU LT24 - L USDU,same_ticker_different_branch
2024,USFR,3d RSI USFR LT69 - L USFR,3d RSI USFR LT70 - L USFR,same_ticker_different_branch
2024,USHY,10d RSI USHY LT30 - L USHY,7d RSI USHY LT24 - L USHY,same_ticker_different_branch
2024,USMC,12d RSI USMC LT33 - L USMC,5d RSI USMC LT26 - L USMC,same_ticker_different_branch
2024,USMV,14d RSI USMV LT32 - L USMV,15d RSI USMV LT33 - L USMV,same_ticker_different_branch
2024,USO,6d RSI USO LT23 - L USO,3d RSI USO LT11 - L USO,same_ticker_different_branch
2024,USTB,11d RSI USTB LT42 - L USTB,10d RSI USTB LT40 - L USTB,same_ticker_different_branch
2024,UTES,16d RSI UTES LT35 - L UTES,21d RSI UTES LT38 - L UTES,same_ticker_different_branch
2024,VCIT,4d RSI VCIT LT14 - L VCIT,3d RSI VCIT LT10 - L VCIT,same_ticker_different_branch
2024,VEU,17d RSI VEU LT35 - L VEU,11d RSI VEU LT31 - L VEU,same_ticker_different_branch
2024,VGLT,3d RSI VGLT LT11 - L VGLT,4d RSI VGLT LT14 - L VGLT,same_ticker_different_branch
2024,VGT,6d RSI VGT LT21 - L VGT,6d RSI VGT LT22 - L VGT,same_ticker_different_branch
2024,VHT,10d RSI VHT LT25 - L VHT,9d RSI VHT LT23 - L VHT,same_ticker_different_branch
2024,VIGI,10d RSI VIGI LT28 - L VIGI,9d RSI VIGI LT26 - L VIGI,same_ticker_different_branch
2024,VMBS,5d RSI VMBS LT20 - L VMBS,4d RSI VMBS LT17 - L VMBS,same_ticker_different_branch
2024,VNM,6d RSI VNM LT21 - L VNM,7d RSI VNM LT23 - L VNM,same_ticker_different_branch
2024,VO,14d RSI VO LT29 - L VO,13d RSI VO LT28 - L VO,same_ticker_different_branch
2024,VONG,10d RSI VONG LT34 - L VONG,10d RSI VONG LT35 - L VONG,same_ticker_different_branch
2024,VONV,5d RSI VONV LT13 - L VONV,4d RSI VONV LT13 - L VONV,same_ticker_different_branch
2024,VOO,15d RSI VOO LT35 - L VOO,5d RSI VOO LT20 - L VOO,same_ticker_different_branch
2024,VRIG,7d RSI VRIG LT68 - L VRIG,14d RSI VRIG LT70 - L VRIG,same_ticker_different_branch
2024,VRP,19d RSI VRP LT41 - L VRP,18d RSI VRP LT41 - L VRP,same_ticker_different_branch
2024,VT,10d RSI VT LT28 - L VT,9d RSI VT LT27 - L VT,same_ticker_different_branch
2024,VTC,5d RSI VTC LT17 - L VTC,4d RSI VTC LT11 - L VTC,same_ticker_different_branch
2024,VTEB,20d RSI VTEB LT36 - L VTEB,19d RSI VTEB LT35 - L VTEB,same_ticker_different_branch
2024,VTI,4d RSI VTI LT16 - L VTI,4d RSI VTI LT15 - L VTI,same_ticker_different_branch
2024,VTIP,17d RSI VTIP LT41 - L VTIP,19d RSI VTIP LT42 - L VTIP,same_ticker_different_branch
2024,VTV,4d RSI VTV LT13 - L VTV,15d RSI VTV LT32 - L VTV,same_ticker_different_branch
2024,VUG,15d RSI VUG LT37 - L VUG,10d RSI VUG LT33 - L VUG,same_ticker_different_branch
2024,VV,5d RSI VV LT20 - L VV,5d RSI VV LT19 - L VV,same_ticker_different_branch
2024,VWO,20d RSI VWO LT38 - L VWO,14d RSI VWO LT35 - L VWO,same_ticker_different_branch
2024,VXUS,11d RSI VXUS LT29 - L VXUS,12d RSI VXUS LT32 - L VXUS,same_ticker_different_branch
2024,VYMI,16d RSI VYMI LT35 - L VYMI,14d RSI VYMI LT33 - L VYMI,same_ticker_different_branch
2024,XAR,13d RSI XAR LT36 - L XAR,16d RSI XAR LT39 - L XAR,same_ticker_different_branch
2024,XLB,20d RSI XLB LT36 - L XLB,15d RSI XLB LT34 - L XLB,same_ticker_different_branch
2024,XLK,10d RSI XLK LT30 - L XLK,8d RSI XLK LT26 - L XLK,same_ticker_different_branch
2024,XLU,11d RSI XLU LT24 - L XLU,16d RSI XLU LT30 - L XLU,same_ticker_different_branch
2024,XLY,10d RSI XLY LT30 - L XLY,9d RSI XLY LT29 - L XLY,same_ticker_different_branch
2024,XMHQ,11d RSI XMHQ LT34 - L XMHQ,17d RSI XMHQ LT37 - L XMHQ,same_ticker_different_branch
2024,XMMO,14d RSI XMMO LT38 - L XMMO,20d RSI XMMO LT42 - L XMMO,same_ticker_different_branch
2024,XOP,10d RSI XOP LT29 - L XOP,8d RSI XOP LT25 - L XOP,same_ticker_different_branch
2024,XOVR,10d RSI XOVR LT29 - L XOVR,7d RSI XOVR LT25 - L XOVR,same_ticker_different_branch
2024,XYLD,10d RSI XYLD LT29 - L XYLD,11d RSI XYLD LT30 - L XYLD,same_ticker_different_branch
2024,ZROZ,3d RSI ZROZ LT10 - L ZROZ,3d RSI ZROZ LT11 - L ZROZ,same_ticker_different_branch
2024,BBLU,,7d RSI BBLU LT24 - L BBLU,sheet_only
2024,BITI,,16d RSI BITI LT24 - L BITI,sheet_only
2024,CMDT,,21d RSI CMDT LT39 - L CMDT,sheet_only
2024,DULL,,6d RSI DULL LT15 - L DULL,sheet_only
2024,IGLD,,6d RSI IGLD LT16 - L IGLD,sheet_only
2024,JIVE,,12d RSI JIVE LT65 - L JIVE,sheet_only
2024,NVDQ,,12d RSI NVDQ LT43 - L NVDQ,sheet_only
2024,SHLD,,3d RSI SHLD LT19 - L SHLD,sheet_only
2024,TSL,,5d RSI TSL LT13 - L TSL,sheet_only
2024,UBND,,5d RSI UBND LT17 - L UBND,sheet_only
2024,USOI,,3d RSI USOI LT10 - L USOI,sheet_only
